step,system_mean_waiting_time_mc,system_mean_waiting_time_mb,delkanda_e2_jnct_stopped,delkanda_e2_jnct_accumulated_waiting_time,delkanda_e2_jnct_average_speed,delkanda_jnct_stopped,delkanda_jnct_accumulated_waiting_time,delkanda_jnct_average_speed,delkanda_n2_jnct_stopped,delkanda_n2_jnct_accumulated_waiting_time,delkanda_n2_jnct_average_speed,delkanda_w_jnct_stopped,delkanda_w_jnct_accumulated_waiting_time,delkanda_w_jnct_average_speed,gamsaba_jnct_stopped,gamsaba_jnct_accumulated_waiting_time,gamsaba_jnct_average_speed,gamsaba_s_jnct_stopped,gamsaba_s_jnct_accumulated_waiting_time,gamsaba_s_jnct_average_speed,gamsaba_w1_jnct_stopped,gamsaba_w1_jnct_accumulated_waiting_time,gamsaba_w1_jnct_average_speed,pepiliyana_e_jnct_stopped,pepiliyana_e_jnct_accumulated_waiting_time,pepiliyana_e_jnct_average_speed,pepiliyana_jnct_stopped,pepiliyana_jnct_accumulated_waiting_time,pepiliyana_jnct_average_speed,pepiliyana_n2_jnct_stopped,pepiliyana_n2_jnct_accumulated_waiting_time,pepiliyana_n2_jnct_average_speed,pepiliyana_s1_jnct_stopped,pepiliyana_s1_jnct_accumulated_waiting_time,pepiliyana_s1_jnct_average_speed,pepiliyana_w_jnct_stopped,pepiliyana_w_jnct_accumulated_waiting_time,pepiliyana_w_jnct_average_speed,raththanpitiya_jnct_stopped,raththanpitiya_jnct_accumulated_waiting_time,raththanpitiya_jnct_average_speed,raththanpitiya_jnct_n4_stopped,raththanpitiya_jnct_n4_accumulated_waiting_time,raththanpitiya_jnct_n4_average_speed,raththanpitiya_jnct_s_stopped,raththanpitiya_jnct_s_accumulated_waiting_time,raththanpitiya_jnct_s_average_speed,agents_total_stopped,agents_total_accumulated_waiting_time
0.0,0.0,0.0,0,0.0,1.0,0,0.0,1.0,0,0.0,1.0,0,0.0,1.0,0,0.0,1.0,0,0.0,1.0,0,0.0,1.0,0,0.0,1.0,0,0.0,1.0,0,0.0,1.0,0,0.0,1.0,0,0.0,1.0,0,0.0,1.0,0,0.0,1.0,0,0.0,1.0,0,0.0
5.0,0.0,0.0,0,0.0,1.0,0,0.0,1.0,0,0.0,1.0,0,0.0,1.0,0,0.0,0.6523150380025425,0,0.0,1.0,0,0.0,1.0,0,0.0,1.0,0,0.0,1.0,0,0.0,1.0,0,0.0,1.0,0,0.0,1.0,0,0.0,1.0,0,0.0,1.0,0,0.0,1.0,0,0.0
10.0,0.0,0.0,0,0.0,1.0,0,0.0,1.0,0,0.0,1.0,0,0.0,1.0,0,0.0,0.81516362452553,0,0.0,1.0,0,0.0,1.0,0,0.0,1.0,0,0.0,1.0,0,0.0,1.0,0,0.0,1.0,0,0.0,1.0,0,0.0,1.0,0,0.0,1.0,0,0.0,1.0,0,0.0
15.0,0.22580645161290322,0.06451612903225806,0,0.0,1.0,0,0.0,1.0,0,0.0,1.0,0,0.0,1.0,1,2.0,0.3677056354063959,0,0.0,1.0,0,0.0,1.0,0,0.0,1.0,0,0.0,1.0,0,0.0,1.0,0,0.0,1.0,0,0.0,1.0,0,0.0,1.0,0,0.0,1.0,0,0.0,1.0,1,2.0
20.0,0.6129032258064516,0.41935483870967744,0,0.0,1.0,0,0.0,1.0,0,0.0,1.0,0,0.0,1.0,4,15.0,0.002150670545575849,0,0.0,1.0,0,0.0,1.0,0,0.0,1.0,0,0.0,1.0,0,0.0,1.0,0,0.0,1.0,0,0.0,1.0,0,0.0,0.8852048207438508,0,0.0,1.0,0,0.0,1.0,4,15.0
25.0,0.6129032258064516,0.5161290322580645,0,0.0,1.0,0,0.0,1.0,0,0.0,1.0,0,0.0,1.0,4,35.0,1.997495824319542e-06,0,0.0,1.0,0,0.0,1.0,0,0.0,1.0,0,0.0,1.0,0,0.0,1.0,0,0.0,1.0,0,0.0,1.0,0,0.0,0.8848081383659537,0,0.0,1.0,0,0.0,1.0,4,35.0
30.0,0.0,0.3548387096774194,0,0.0,1.0,0,0.0,1.0,0,0.0,1.0,0,0.0,1.0,1,35.0,0.09791793544457045,0,0.0,1.0,0,0.0,1.0,0,0.0,1.0,0,0.0,1.0,0,0.0,1.0,0,0.0,1.0,0,0.0,1.0,0,0.0,0.8399855221627386,0,0.0,1.0,0,0.0,1.0,1,35.0
35.0,0.0,0.0,0,0.0,1.0,0,0.0,1.0,0,0.0,1.0,0,0.0,1.0,0,11.0,0.45748085124897875,0,0.0,1.0,0,0.0,1.0,0,0.0,1.0,0,0.0,1.0,0,0.0,1.0,0,0.0,1.0,0,0.0,1.0,0,0.0,0.818738280619087,0,0.0,1.0,0,0.0,1.0,0,11.0
40.0,0.0,0.0,0,0.0,1.0,0,0.0,1.0,0,0.0,1.0,0,0.0,1.0,0,0.0,1.0,0,0.0,1.0,0,0.0,1.0,0,0.0,1.0,0,0.0,1.0,0,0.0,1.0,0,0.0,1.0,0,0.0,1.0,0,0.0,0.8232462964100691,0,0.0,1.0,0,0.0,1.0,0,0.0
45.0,0.0,0.0,0,0.0,1.0,0,0.0,1.0,0,0.0,1.0,0,0.0,1.0,0,0.0,1.0,0,0.0,1.0,0,0.0,1.0,0,0.0,1.0,0,0.0,1.0,0,0.0,1.0,0,0.0,1.0,0,0.0,1.0,0,0.0,0.7935569491358856,0,0.0,1.0,0,0.0,1.0,0,0.0
50.0,0.08108108108108109,0.0,0,0.0,1.0,0,0.0,1.0,0,0.0,1.0,0,0.0,1.0,0,0.0,0.9617970360367889,0,0.0,1.0,0,0.0,1.0,0,0.0,1.0,0,0.0,1.0,0,0.0,1.0,0,0.0,1.0,0,0.0,0.9743561566401634,1,3.0,0.6489411709970709,0,0.0,1.0,0,0.0,1.0,1,3.0
55.0,0.1951219512195122,0.05,0,0.0,1.0,0,0.0,1.0,0,0.0,1.0,0,0.0,1.0,0,0.0,0.9231003344755391,0,0.0,1.0,0,0.0,1.0,0,0.0,1.0,0,0.0,1.0,0,0.0,1.0,0,0.0,1.0,0,0.0,0.8432536602368138,3,10.0,0.18791777320401087,0,0.0,1.0,0,0.0,1.0,3,10.0
60.0,0.40476190476190477,0.3181818181818182,0,0.0,1.0,0,0.0,1.0,0,0.0,1.0,0,0.0,1.0,0,0.0,0.7199031819944488,0,0.0,1.0,0,0.0,1.0,0,0.0,1.0,0,0.0,1.0,0,0.0,1.0,0,0.0,1.0,0,0.0,0.8703804992702032,5,31.0,0.00031848211932970625,0,0.0,1.0,0,0.0,1.0,5,31.0
65.0,0.6382978723404256,0.6170212765957447,0,0.0,0.904177600118831,0,0.0,1.0,0,0.0,1.0,0,0.0,1.0,1,3.0,0.8076706271760254,0,0.0,1.0,0,0.0,1.0,0,0.0,1.0,0,0.0,1.0,0,0.0,1.0,0,0.0,1.0,0,0.0,0.8387869021984014,5,56.0,0.0,0,0.0,1.0,0,0.0,1.0,6,59.0
70.0,0.9,0.94,0,0.0,0.9354695757606771,0,0.0,1.0,0,0.0,1.0,0,0.0,1.0,2,11.0,0.5971035834586584,0,0.0,1.0,0,0.0,1.0,0,0.0,1.0,0,0.0,1.0,0,0.0,1.0,0,0.0,1.0,0,11.0,0.794678472294427,5,81.0,0.0,0,0.0,1.0,0,0.0,1.0,7,103.0
75.0,0.3269230769230769,0.49019607843137253,0,0.0,0.8216730445051801,0,0.0,1.0,0,0.0,1.0,0,0.0,1.0,3,25.0,0.5327826189774276,0,0.0,1.0,0,0.0,1.0,0,0.0,1.0,0,0.0,1.0,0,0.0,1.0,0,0.0,1.0,0,24.0,0.8332408952072858,1,54.0,0.43321767823411655,0,0.0,1.0,0,0.0,1.0,4,103.0
80.0,0.0,0.07272727272727272,0,0.0,1.0,0,0.0,1.0,0,0.0,1.0,0,0.0,1.0,2,23.0,0.3784249363390791,0,0.0,1.0,0,0.0,1.0,0,0.0,0.9081370511078124,0,0.0,1.0,0,0.0,1.0,0,0.0,1.0,0,24.0,0.8771221733932452,0,17.0,0.7890932241806903,0,0.0,1.0,0,0.0,1.0,2,64.0
85.0,0.05454545454545454,0.15254237288135594,0,0.0,0.8389483013103866,0,0.0,1.0,0,0.0,1.0,0,0.0,1.0,3,14.0,0.5342864239206611,0,0.0,1.0,0,0.0,1.0,0,0.0,0.6751482506864758,0,0.0,0.30728016306092326,0,0.0,1.0,0,0.0,1.0,0,24.0,0.8329942275471414,0,0.0,0.9009271205024785,0,0.0,1.0,0,0.0,1.0,3,38.0
90.0,0.1896551724137931,0.43333333333333335,0,0.0,0.7085722925097104,0,0.0,1.0,0,0.0,1.0,0,0.0,1.0,3,26.0,0.381462453617527,0,0.0,1.0,0,0.0,1.0,0,0.0,1.0,1,2.0,0.0444013373220113,0,0.0,1.0,0,0.0,1.0,0,24.0,0.8085365360197964,0,0.0,0.8708386037361624,0,0.0,1.0,0,0.0,1.0,4,52.0
95.0,0.5084745762711864,0.6666666666666666,0,0.0,1.0,1,1.0,0.0005377128776817097,0,0.0,1.0,0,0.0,1.0,6,45.0,0.008754831288703817,0,0.0,1.0,0,0.0,1.0,0,0.0,1.0,3,15.0,0.10840648531153643,0,0.0,1.0,0,0.0,1.0,0,24.0,0.804751537153542,0,0.0,0.8635038313654004,0,0.0,1.0,0,0.0,1.0,10,85.0
100.0,1.1,1.328125,0,0.0,1.0,1,6.0,0.0,0,0.0,1.0,0,0.0,1.0,7,79.0,0.20946115696730525,0,0.0,1.0,0,0.0,1.0,0,0.0,1.0,5,39.0,0.0014361171766082642,0,0.0,1.0,0,0.0,1.0,0,25.0,0.8299625684958979,0,0.0,0.8514187375190435,0,0.0,1.0,0,0.0,1.0,13,149.0
105.0,1.11864406779661,1.078125,0,0.0,1.0,1,11.0,0.0,0,0.0,0.9762775016414149,0,0.0,1.0,0,18.0,0.7096396193904078,0,0.0,1.0,0,0.0,1.0,0,0.0,1.0,6,69.0,0.0,0,0.0,0.989691471921145,0,0.0,1.0,0,25.0,0.8113490578222524,0,0.0,0.8807759121833343,0,0.0,1.0,0,0.0,1.0,7,123.0
110.0,0.8307692307692308,0.625,0,0.0,1.0,1,16.0,0.0,0,0.0,1.0,0,0.0,1.0,0,0.0,0.7591788801207214,0,0.0,1.0,0,0.0,1.0,0,0.0,1.0,1,58.0,0.11900413599421883,0,0.0,1.0,0,0.0,1.0,0,25.0,0.7867704626630275,0,0.0,0.8505986730427129,0,0.0,1.0,0,0.0,1.0,2,99.0
115.0,0.8,0.7536231884057971,0,0.0,1.0,1,21.0,0.0,0,0.0,1.0,0,0.0,1.0,1,3.0,0.6845184746820469,0,0.0,1.0,0,0.0,1.0,0,0.0,1.0,1,2.0,0.10265508256165333,0,0.0,1.0,0,0.0,1.0,0,25.0,0.7677161721607128,0,0.0,0.8850272439714142,0,0.0,1.0,0,0.0,1.0,3,51.0
120.0,1.088235294117647,0.9583333333333334,0,0.0,1.0,1,26.0,0.0,0,0.0,1.0,0,0.0,1.0,1,8.0,0.6966723860253576,0,0.0,1.0,0,0.0,1.0,0,0.0,1.0,2,11.0,0.0,0,0.0,1.0,0,0.0,1.0,0,4.0,0.7761834157762475,0,0.0,0.8763828590076239,0,0.0,1.0,0,0.0,1.0,4,49.0
125.0,1.536231884057971,1.3333333333333333,0,0.0,1.0,1,31.0,0.0,0,0.0,1.0,0,0.0,1.0,2,15.0,0.5175496538705144,0,0.0,1.0,0,0.0,1.0,0,0.0,1.0,2,21.0,0.0,0,0.0,1.0,0,0.0,1.0,1,6.0,0.7664491336360855,0,0.0,0.8987599884958608,0,0.0,1.0,0,0.0,1.0,6,73.0
130.0,1.9589041095890412,1.6153846153846154,0,0.0,0.9503681494055519,1,36.0,0.0,0,0.0,1.0,0,0.0,1.0,2,25.0,0.4168273738697743,0,0.0,1.0,0,0.0,1.0,0,0.0,1.0,2,31.0,0.0,0,0.0,1.0,0,0.0,1.0,1,11.0,0.6950257840740051,0,0.0,0.9092281957350372,0,0.0,1.0,0,0.0,1.0,6,103.0
135.0,2.5921052631578947,2.1153846153846154,1,1.0,0.005259628430698122,1,41.0,0.0,0,0.0,1.0,0,0.0,1.0,3,40.0,0.20444250080167375,0,0.0,1.0,0,0.0,1.0,0,0.0,1.0,2,41.0,0.16504955064750604,0,0.0,1.0,0,0.0,0.8702563477015458,4,24.0,0.5082456555783103,0,0.0,0.8272447700713941,0,0.0,1.0,0,0.0,1.0,11,147.0
140.0,3.08974358974359,2.1375,1,6.0,7.667410765107944e-06,1,46.0,0.0,0,0.0,1.0,0,0.0,1.0,4,59.0,0.1514632185417756,0,0.0,1.0,0,0.0,1.0,0,0.0,1.0,1,3.0,0.01623822862579321,0,0.0,1.0,0,0.0,1.0,8,53.0,0.41548184936707666,0,0.0,0.8872893132042405,0,0.0,1.0,0,0.0,1.0,15,167.0
145.0,2.3048780487804876,1.855421686746988,0,10.0,0.42596412983495685,0,47.0,0.2762544779421824,0,0.0,1.0,0,0.0,1.0,5,84.0,0.4571233829265887,0,0.0,1.0,0,0.0,1.0,0,0.0,1.0,2,34.0,0.14514928118965106,0,0.0,1.0,0,0.0,1.0,9,73.0,0.4592649313592311,0,0.0,0.8529253148898281,0,0.0,1.0,0,0.0,1.0,16,248.0
150.0,2.397590361445783,1.7023809523809523,0,0.0,0.8384717981583959,0,0.0,1.0,0,0.0,1.0,0,0.0,0.9603813647438272,5,109.0,0.5078917953281358,0,0.0,1.0,0,0.0,1.0,0,0.0,1.0,2,23.0,0.0,0,0.0,1.0,0,0.0,1.0,1,71.0,0.5485885599016206,0,0.0,0.8860012845058055,0,0.0,1.0,0,0.0,1.0,8,203.0
155.0,2.5595238095238093,1.9069767441860466,0,0.0,1.0,0,0.0,1.0,0,0.0,0.94538762645866,0,0.0,0.9483287178604579,4,115.0,0.4436562276762677,0,0.0,1.0,0,0.0,1.0,0,0.0,1.0,2,33.0,0.2148366354303692,0,0.0,1.0,0,0.0,1.0,0,49.0,0.6615314492821586,0,0.0,0.8503038299278335,0,0.0,1.0,0,0.0,1.0,6,197.0
160.0,2.896551724137931,2.272727272727273,0,0.0,0.7957193904346399,0,0.0,1.0,0,0.0,1.0,0,0.0,1.0,5,139.0,0.2667776200502784,0,0.0,1.0,0,0.0,1.0,0,0.0,1.0,3,45.0,0.0,0,0.0,1.0,0,0.0,1.0,1,26.0,0.6257010478443543,0,0.0,0.8239275736609397,0,0.0,1.0,0,0.0,1.0,9,210.0
165.0,3.3863636363636362,2.6263736263736264,0,0.0,0.7880472001210795,1,1.0,0.005725408090478314,0,0.0,1.0,0,0.0,1.0,5,164.0,0.2810506119364703,0,0.0,1.0,0,0.0,1.0,0,0.0,1.0,3,60.0,0.1955029856855732,0,0.0,1.0,0,0.0,1.0,0,0.0,0.5912478388735631,0,0.0,0.8748726096367535,0,0.0,1.0,0,0.0,1.0,9,225.0
170.0,3.9775280898876404,3.0,0,0.0,1.0,1,6.0,0.0,0,0.0,1.0,0,0.0,1.0,5,189.0,0.15397344622839598,0,0.0,1.0,0,0.0,1.0,0,0.0,0.9084553267932672,4,77.0,0.00018333316005196193,0,0.0,1.0,0,0.0,1.0,0,0.0,0.5813674768626437,0,0.0,0.8660802093078197,0,0.0,1.0,0,0.0,1.0,10,272.0
175.0,4.3076923076923075,3.2,0,0.0,1.0,1,11.0,0.0,0,0.0,1.0,0,0.0,1.0,5,214.0,0.0022750463258806885,0,0.0,1.0,0,0.0,1.0,0,0.0,0.9578640946866701,3,80.0,0.11145669093694267,0,0.0,1.0,0,0.0,1.0,0,0.0,0.7159393077638947,1,2.0,0.6139576659718675,0,0.0,1.0,0,0.0,1.0,10,307.0
180.0,3.2916666666666665,3.202127659574468,0,0.0,1.0,0,0.0,1.0,0,0.0,1.0,0,0.0,1.0,3,173.0,0.3254250622705265,0,0.0,1.0,0,0.0,1.0,0,0.0,1.0,5,99.0,0.003045208676701715,0,0.0,1.0,0,0.0,1.0,0,0.0,0.8474130030012429,3,12.0,0.3535018594516851,0,0.0,1.0,0,0.0,1.0,11,284.0
185.0,3.316326530612245,3.1354166666666665,0,0.0,1.0,0,0.0,1.0,0,0.0,1.0,0,0.0,1.0,1,75.0,0.5171992986874724,0,2.0,0.9595189204668136,0,0.0,1.0,0,0.0,1.0,8,133.0,4.341105987892825e-05,0,0.0,1.0,0,0.0,1.0,0,0.0,0.8734237497668462,3,27.0,0.3807544930391053,0,0.0,1.0,0,0.0,1.0,12,237.0
190.0,3.826530612244898,3.622448979591837,0,0.0,1.0,0,0.0,1.0,0,0.0,1.0,0,0.0,1.0,1,15.0,0.5277639753481647,0,2.0,0.8492124001702257,0,0.0,1.0,0,0.0,1.0,8,173.0,0.0,0,0.0,1.0,0,0.0,1.0,0,7.0,0.8313156001482177,3,42.0,0.4720761317563204,0,0.0,1.0,0,0.0,1.0,12,239.0
195.0,4.29,3.9056603773584904,0,0.0,0.99009707254691,0,0.0,1.0,0,0.0,1.0,0,0.0,1.0,2,15.0,0.4911736296897727,0,0.0,0.8722671549951133,0,0.0,1.0,0,0.0,1.0,8,215.0,0.006730160074605493,0,0.0,1.0,0,0.0,1.0,0,21.0,0.7610499715604229,3,57.0,0.5377125335181641,0,0.0,1.0,0,0.0,1.0,13,308.0
200.0,4.303030303030303,3.4245283018867925,0,0.0,1.0,0,0.0,0.06642221510965637,0,0.0,0.8492033642243055,0,0.0,1.0,3,30.0,0.5792410006672833,0,0.0,0.9614123883149953,0,0.0,1.0,0,0.0,1.0,5,185.0,0.15578136902640935,0,0.0,1.0,0,0.0,1.0,2,27.0,0.7200799444090887,0,0.0,0.5850941822733173,0,0.0,1.0,0,0.0,1.0,10,242.0
205.0,4.4411764705882355,3.614678899082569,0,0.0,1.0,1,4.0,0.0001713996151212036,0,0.0,1.0,0,0.0,1.0,3,25.0,0.3466071612325124,0,0.0,1.0,0,0.0,1.0,0,0.0,1.0,6,189.0,0.17129952959843456,0,0.0,1.0,0,0.0,1.0,0,21.0,0.7959027266560579,0,0.0,0.9151800391878622,0,0.0,1.0,0,0.0,1.0,10,239.0
210.0,4.90566037735849,4.155963302752293,0,0.0,1.0,1,9.0,0.0,0,0.0,1.0,0,0.0,1.0,6,52.0,0.3220572367088219,0,0.0,1.0,0,0.0,1.0,0,0.0,0.7597052537478182,7,215.0,0.0580569355011694,0,0.0,1.0,0,0.0,1.0,0,21.0,0.8399555455094404,0,0.0,0.7479489221017358,0,0.0,1.0,0,0.0,1.0,14,297.0
215.0,5.477064220183486,4.666666666666667,0,0.0,1.0,1,14.0,0.0,0,0.0,1.0,0,0.0,1.0,7,84.0,0.1781087228474339,0,0.0,0.7612187550070646,0,0.0,1.0,0,0.0,1.0,8,255.0,0.024251579587014106,0,0.0,0.8624013795484545,0,0.0,1.0,0,21.0,0.8280427110150009,1,5.0,0.6653035788955192,0,0.0,1.0,0,0.0,1.0,17,379.0
220.0,6.175925925925926,5.114035087719298,0,0.0,1.0,1,19.0,0.0,0,0.0,1.0,0,0.0,1.0,8,123.0,0.17198080275571664,0,0.0,0.7754731527186889,0,0.0,1.0,0,0.0,1.0,9,299.0,0.025585382611797235,0,0.0,1.0,0,0.0,0.9033171823729534,0,21.0,0.8076273875050208,2,12.0,0.6168532605858823,0,0.0,1.0,0,0.0,0.5154939414165438,20,474.0
225.0,5.527777777777778,4.278260869565218,0,0.0,1.0,1,24.0,0.0,0,0.0,1.0,0,0.0,1.0,9,167.0,0.15534499346513592,0,0.0,1.0,0,0.0,1.0,0,0.0,1.0,4,123.0,0.07889427151834359,0,0.0,1.0,0,0.0,1.0,0,21.0,0.8330056638488175,0,0.0,0.7825778951631136,0,0.0,1.0,0,0.0,1.0,14,335.0
230.0,3.099099099099099,2.808333333333333,0,0.0,1.0,1,29.0,0.0,0,0.0,1.0,0,0.0,0.9056586196604984,5,146.0,0.22251799313241066,0,0.0,1.0,0,0.0,1.0,0,0.0,1.0,4,85.0,0.0709161224141374,0,0.0,1.0,0,0.0,1.0,0,21.0,0.8443832906464118,1,4.0,0.7581593660942963,0,0.0,1.0,0,0.0,1.0,11,285.0
235.0,1.3214285714285714,0.943089430894309,0,0.0,0.8125504312138386,1,34.0,0.0,0,0.0,1.0,0,0.0,0.7375974067688066,3,76.0,0.4400822631864522,0,0.0,1.0,0,0.0,1.0,0,0.0,1.0,7,114.0,0.014483158098065064,0,0.0,1.0,0,0.0,1.0,0,0.0,0.8666138468369607,1,9.0,0.6483654916796396,0,0.0,1.0,0,0.0,1.0,12,233.0
240.0,1.6106194690265487,0.8617886178861789,0,0.0,0.6726215300509614,1,39.0,0.0,0,0.0,1.0,0,2.0,0.7497864855678363,3,75.0,0.5372211827023766,0,0.0,1.0,0,0.0,1.0,0,0.0,1.0,10,158.0,0.00019123700498283917,0,0.0,1.0,0,0.0,1.0,0,0.0,0.8954570643615973,2,16.0,0.36164578304822254,0,0.0,1.0,0,0.0,1.0,16,290.0
245.0,1.9741379310344827,1.248,0,0.0,0.5820198460334285,1,44.0,0.009768100246622427,0,0.0,1.0,0,2.0,0.874004595100336,3,90.0,0.3683374820184575,0,0.0,1.0,0,0.0,1.0,0,0.0,0.926465710887178,10,208.0,0.0,0,0.0,1.0,0,0.0,0.9498003863112234,0,1.0,0.8632983712719601,4,32.0,0.30185000730072936,0,0.0,1.0,0,0.0,1.0,18,377.0
250.0,1.1147540983606556,1.236220472440945,1,1.0,0.055337624590147676,3,55.0,0.03491605373903139,0,0.0,1.0,0,0.0,0.8275982794177938,3,105.0,0.3394736410135936,0,0.0,1.0,0,0.0,1.0,0,0.0,1.0,6,126.0,0.009022612617833176,0,0.0,1.0,0,0.0,1.0,0,1.0,0.8813370885027296,0,5.0,0.7160338216351194,0,0.0,1.0,0,0.0,1.0,13,293.0
255.0,1.1666666666666667,0.984375,3,15.0,0.0002564845522657899,2,64.0,0.0,0,0.0,1.0,0,0.0,0.8201881254401204,1,73.0,0.4557618968381656,0,0.0,1.0,0,5.0,0.877991421129969,0,0.0,1.0,6,123.0,0.0,0,0.0,1.0,0,0.0,1.0,0,1.0,0.780267888871603,0,0.0,0.9187614541153555,0,0.0,1.0,0,0.0,1.0,12,281.0
260.0,1.5867768595041323,1.4122137404580153,3,30.0,0.0,2,74.0,0.0,0,0.0,1.0,0,0.0,0.14965900674413726,0,3.0,0.6356454246527881,0,0.0,1.0,0,21.0,0.6525162611721875,0,0.0,1.0,6,153.0,0.0,0,0.0,1.0,0,0.0,1.0,1,6.0,0.7980206524218526,0,0.0,0.828818603188525,0,0.0,1.0,0,0.0,1.0,12,287.0
265.0,1.9918032786885247,2.0393700787401574,3,45.0,0.2335610003860558,2,84.0,0.0,0,0.0,1.0,3,10.0,0.002093811580957525,2,8.0,0.6300255434981071,0,0.0,1.0,0,0.0,0.2782795126080041,0,0.0,1.0,6,183.0,0.135496679524659,0,0.0,1.0,0,0.0,1.0,2,13.0,0.6895776415549113,0,0.0,0.8495641317928804,0,0.0,1.0,0,0.0,1.0,18,343.0
270.0,2.4047619047619047,2.6875,3,60.0,0.3502652638541782,2,94.0,0.0,0,0.0,1.0,3,25.0,1.6563250758402602e-05,3,19.0,0.31466313626982545,0,0.0,1.0,0,0.0,1.0,0,0.0,1.0,6,213.0,0.0,0,0.0,1.0,0,0.0,1.0,3,27.0,0.6566982246142263,0,0.0,0.8823147472093343,0,0.0,1.0,0,0.0,1.0,20,438.0
275.0,2.3622047244094486,2.030075187969925,5,78.0,0.0005884895866071328,2,104.0,0.0,0,0.0,1.0,3,40.0,0.0,6,44.0,0.27961955364547486,0,0.0,0.9737265787064477,0,0.0,0.77859951614204,0,0.0,1.0,0,72.0,0.2033122774460086,0,0.0,1.0,0,0.0,1.0,3,42.0,0.6495585633220936,0,0.0,0.8630014807321965,0,0.0,1.0,0,0.0,1.0,19,380.0
280.0,2.664,1.9083969465648856,5,103.0,0.0,2,114.0,0.0,0,0.0,0.9473892547529165,3,55.0,0.0,6,56.0,0.23625963478513803,0,0.0,0.9390790576485734,0,0.0,0.3495466368774776,0,0.0,1.0,0,0.0,1.0,0,0.0,1.0,0,0.0,1.0,0,38.0,0.5471706033568712,0,0.0,0.843388686428232,0,0.0,1.0,0,0.0,1.0,16,366.0
285.0,2.32,2.037593984962406,4,127.0,0.01297190103674375,1,77.0,0.23346138138102512,0,0.0,0.9105284125325236,3,70.0,0.0,6,86.0,0.22256927482059066,0,0.0,0.9757642190087378,0,0.0,0.991291148676458,0,0.0,1.0,0,0.0,1.0,0,0.0,1.0,0,0.0,1.0,0,2.0,0.6565856949972124,3,7.0,0.4762424864721106,0,0.0,1.0,0,0.0,1.0,17,369.0
290.0,2.5625,1.9635036496350364,0,63.0,0.22398405141967861,2,48.0,0.0003118877913722135,0,0.0,1.0,3,85.0,0.247512063071651,9,125.0,0.0964075393947873,0,0.0,0.8253248996320287,0,2.0,0.5121801633868966,0,0.0,1.0,0,0.0,0.7504209552698247,0,0.0,1.0,0,0.0,1.0,0,1.0,0.7913364451513699,4,26.0,0.4896036069105473,0,0.0,1.0,0,0.0,1.0,18,350.0
295.0,3.201550387596899,2.423357664233577,0,0.0,0.8211425389289143,2,58.0,0.0,0,0.0,1.0,3,100.0,0.36306374995167484,9,170.0,0.20894036561566412,0,0.0,0.896799545316247,0,0.0,0.8303990898590036,0,0.0,0.9206402145304249,1,1.0,0.15988284663921382,0,0.0,1.0,0,0.0,1.0,0,3.0,0.8793565091342093,4,46.0,0.557983678296045,0,0.0,1.0,0,0.0,1.0,19,378.0
300.0,3.4732824427480917,2.9705882352941178,0,0.0,0.82126992958421,2,68.0,0.3044868867004085,0,0.0,1.0,3,115.0,0.1890466982127712,11,218.0,0.2019028009526727,0,0.0,0.8632898023133218,0,0.0,1.0,0,0.0,1.0,1,2.0,0.4199828566822199,0,0.0,1.0,0,0.0,1.0,0,3.0,0.8999082017387046,4,66.0,0.4808517147758287,0,0.0,1.0,0,0.0,1.0,21,472.0
305.0,3.8421052631578947,3.1366906474820144,0,0.0,1.0,2,78.0,0.0,0,0.0,1.0,5,136.0,0.00043923190413128167,11,273.0,0.25915340588520264,0,0.0,0.8719056506030257,0,0.0,1.0,0,0.0,1.0,4,15.0,0.01063097101319751,0,0.0,1.0,0,0.0,1.0,0,3.0,0.8942258820349576,0,38.0,0.4317711021655188,0,0.0,1.0,0,0.0,1.0,22,543.0
310.0,3.734848484848485,2.869565217391304,0,0.0,1.0,2,88.0,0.024199348635226093,0,0.0,1.0,5,161.0,0.0,5,103.0,0.36477937971445873,0,0.0,1.0,0,0.0,1.0,0,0.0,0.9335176185519358,6,44.0,0.12664069292359495,0,0.0,1.0,0,0.0,0.8343485253756778,0,4.0,0.8979431913836176,0,0.0,0.6314057717268493,0,0.0,1.0,0,0.0,1.0,18,400.0
315.0,4.169117647058823,3.352517985611511,0,0.0,0.9685314103030251,1,81.0,0.1845693933274827,0,0.0,1.0,5,186.0,0.1236926640426712,6,100.0,0.39423985559465746,0,0.0,1.0,0,1.0,0.8102297092541044,0,0.0,0.8263060233993554,6,74.0,0.03790476024010793,0,0.0,1.0,0,0.0,1.0,0,4.0,0.9005032106012013,0,0.0,0.7263601168113112,0,0.0,1.0,0,0.0,1.0,18,446.0
320.0,4.785714285714286,3.900709219858156,0,0.0,0.9801369963339748,1,75.0,0.029799371748774076,0,0.0,1.0,5,211.0,0.3075162879827557,6,130.0,0.20193863750846305,0,0.0,0.9239558529939234,0,2.0,0.7641999084057556,1,1.0,0.15462305751905306,7,107.0,4.9959227603149395e-05,0,0.0,1.0,0,0.0,1.0,0,4.0,0.826883890240362,0,0.0,0.8797878283884644,0,0.0,1.0,0,0.0,1.0,20,530.0
325.0,5.257142857142857,4.25,0,0.0,1.0,2,84.0,9.50187141081847e-06,0,0.0,1.0,5,236.0,0.29601877863637754,7,164.0,0.2897529211127816,0,0.0,0.8410579160795171,0,0.0,0.1751914457808566,2,11.0,1.52863669465043e-05,4,90.0,0.159597097114221,0,0.0,1.0,0,0.0,1.0,2,11.0,0.7587303033994361,0,0.0,0.776405123203746,0,0.0,1.0,0,0.0,1.0,22,596.0
330.0,6.021897810218978,4.782312925170068,0,0.0,1.0,2,94.0,0.0,0,0.0,1.0,5,261.0,0.13803478176771572,8,200.0,0.2558230555682978,0,0.0,0.4932937655966661,0,3.0,0.9727686655581126,2,24.0,0.27224828362660763,5,95.0,1.0093738031410294e-05,0,0.0,1.0,0,0.0,1.0,1,12.0,0.6811100639652875,0,0.0,0.8644976008788614,0,0.0,1.0,0,0.0,1.0,23,689.0
335.0,6.0583941605839415,5.123287671232877,0,0.0,1.0,2,104.0,0.0,0,0.0,1.0,7,294.0,0.005845356112478152,6,192.0,0.24494722093605092,1,5.0,0.32266940380833564,0,0.0,1.0,3,35.0,0.0014395150630761386,5,120.0,0.0,0,0.0,1.0,0,0.0,1.0,0,7.0,0.7049250749622695,0,0.0,0.7518361364692964,0,0.0,1.0,0,0.0,1.0,24,757.0
340.0,5.536231884057971,5.01360544217687,0,0.0,1.0,1,105.0,0.10431223124347834,0,0.0,1.0,8,338.0,0.1616868887692587,7,164.0,0.22865250173522253,0,0.0,0.9222585715001045,0,0.0,1.0,3,50.0,0.3597935653872104,5,145.0,0.0,0,0.0,1.0,0,2.0,0.9249414509005591,0,4.0,0.8660313681530692,1,2.0,0.7768735062172524,0,0.0,1.0,0,0.0,1.0,25,810.0
345.0,5.561151079136691,4.392156862745098,0,0.0,1.0,1,24.0,0.0,0,0.0,1.0,2,202.0,0.25879418174450247,8,204.0,0.1949460762241835,0,0.0,0.9902131801463959,0,0.0,1.0,3,65.0,0.14483788817195578,6,171.0,0.1263589243121885,0,0.0,0.9729341270386408,0,0.0,1.0,0,4.0,0.8884495711424073,1,7.0,0.780763086269271,0,0.0,1.0,0,0.0,1.0,21,677.0
350.0,5.7101449275362315,4.642857142857143,0,0.0,1.0,1,29.0,0.0,0,2.0,0.8434450667237047,1,47.0,0.1876460399835663,9,245.0,0.16531621636938415,0,0.0,1.0,0,2.0,0.8209680308192119,3,55.0,0.036558681107514715,6,158.0,0.011959661275209085,0,0.0,1.0,0,0.0,1.0,0,3.0,0.8669574558027682,1,12.0,0.7638347079728947,0,0.0,1.0,0,0.0,1.0,21,553.0
355.0,6.271428571428571,5.211920529801325,0,0.0,1.0,1,34.0,0.0,0,0.0,0.9397201643060297,0,22.0,0.33015931169373475,11,293.0,0.13398454783356628,0,0.0,1.0,0,2.0,0.3717755214739958,0,3.0,0.3787117722618021,9,193.0,0.00023599958631162737,0,0.0,1.0,0,0.0,1.0,0,3.0,0.8703248405003929,2,25.0,0.6662174462865729,0,0.0,1.0,0,0.0,1.0,23,575.0
360.0,7.057553956834532,5.42,0,0.0,1.0,1,39.0,0.0,0,0.0,1.0,0,0.0,0.5634668983434082,9,278.0,0.29169273078341784,0,0.0,1.0,0,0.0,1.0,0,0.0,1.0,9,238.0,8.74402693227496e-07,0,0.0,1.0,0,0.0,1.0,0,3.0,0.8279804166523272,3,36.0,0.6002053378057982,0,0.0,1.0,0,0.0,1.0,22,594.0
365.0,7.906474820143885,5.912162162162162,0,0.0,0.848789478636204,1,44.0,0.010837488800312382,0,2.0,0.760655414716126,0,0.0,0.762755936861501,9,323.0,0.20375924113822666,0,0.0,1.0,0,4.0,0.8889278985468398,0,0.0,1.0,10,285.0,0.0002516413489233015,0,0.0,1.0,0,0.0,1.0,0,3.0,0.8187370630381527,2,26.0,0.37956815388932125,0,0.0,1.0,0,0.0,1.0,22,687.0
370.0,8.598591549295774,6.446666666666666,0,0.0,0.8048020743244139,2,54.0,2.051157604699607e-05,0,0.0,0.6297019325184264,0,24.0,0.902141408330936,12,377.0,0.11852144336336923,0,0.0,1.0,0,3.0,0.6938392983991597,0,0.0,1.0,10,335.0,0.0007235655281204262,0,0.0,0.8643289122733598,0,0.0,1.0,0,6.0,0.832617865618309,3,16.0,0.5254206975334275,0,0.0,1.0,0,0.0,0.5087184725352863,27,815.0
375.0,8.224489795918368,6.824324324324325,1,1.0,0.016856175839043714,2,64.0,0.0,0,0.0,1.0,1,45.0,0.6432935844345434,14,443.0,0.16115036463183274,0,0.0,1.0,0,35.0,0.5509420457923082,0,0.0,1.0,7,255.0,0.04272257546202847,0,0.0,1.0,0,0.0,1.0,0,6.0,0.8308735600213794,2,22.0,0.6080867055474605,0,0.0,1.0,0,0.0,1.0,27,871.0
380.0,9.100671140939598,7.431372549019608,2,11.0,0.3212086896687744,2,74.0,0.0,0,0.0,1.0,4,56.0,0.17990909546176204,15,518.0,0.13382065171085944,0,0.0,0.9945828916040925,0,0.0,1.0,0,0.0,1.0,7,201.0,0.0206902338418844,0,0.0,1.0,0,0.0,1.0,0,7.0,0.7945188069757742,3,33.0,0.45878969879528336,0,0.0,1.0,0,0.0,1.0,33,900.0
385.0,9.536912751677852,8.013071895424837,2,21.0,0.43044726019679685,2,84.0,0.0,0,0.0,1.0,7,87.0,0.002801470628391619,9,498.0,0.2664524739452509,0,0.0,0.9978307533157221,0,2.0,0.6162592741639549,0,0.0,1.0,8,239.0,1.6498136716270634e-06,0,0.0,1.0,0,0.0,0.9334800575234972,3,12.0,0.6618687001422856,4,53.0,0.48580847986597686,0,0.0,1.0,0,0.0,1.0,35,996.0
390.0,9.213333333333333,7.916129032258064,2,32.0,0.020365378452335346,1,88.0,0.12253743544376212,0,0.0,1.0,8,127.0,0.084987228456258,9,498.0,0.28400040844632074,0,0.0,1.0,0,0.0,1.0,0,0.0,1.0,7,304.0,0.10123450310239619,0,0.0,1.0,0,0.0,1.0,5,33.0,0.5429448425897957,0,0.0,0.6777159881414974,0,0.0,1.0,0,0.0,1.0,32,1082.0
395.0,10.0,8.51923076923077,0,5.0,0.259603283720233,1,30.0,0.2676495272612328,0,0.0,1.0,8,173.0,0.246955387276737,11,536.0,0.11937956120589785,0,0.0,0.9961744985151013,0,0.0,0.9211092580098852,0,0.0,1.0,9,346.0,8.738528214530885e-06,0,0.0,1.0,0,0.0,0.9815818720771392,1,35.0,0.509878882800743,0,0.0,0.8903772278570513,0,0.0,1.0,0,0.0,1.0,30,1125.0
400.0,9.993150684931507,8.717948717948717,0,0.0,0.892071294006002,1,35.0,0.0,0,0.0,1.0,9,214.0,0.06401896356460507,14,602.0,0.164161442484804,0,0.0,0.844835416282254,0,0.0,0.41693846908138116,0,0.0,1.0,4,256.0,0.08537328153045946,0,0.0,1.0,0,0.0,1.0,0,9.0,0.6440638105514906,0,0.0,0.8418383040724498,0,0.0,1.0,0,0.0,1.0,28,1116.0
405.0,10.837837837837839,9.433962264150944,0,0.0,0.7959056463332449,1,40.0,0.0,0,0.0,1.0,11,266.0,6.640279041731558e-05,15,673.0,0.1533403770970332,0,0.0,0.7442842944515148,0,0.0,1.0,0,0.0,1.0,5,158.0,0.16206733767506257,0,0.0,1.0,0,0.0,1.0,0,6.0,0.6040492628876536,0,0.0,0.9058771664253228,0,0.0,1.0,0,0.0,1.0,32,1143.0
410.0,10.496598639455783,9.74375,0,0.0,1.0,1,45.0,0.2888093429122313,0,0.0,1.0,11,321.0,8.671577470825032e-07,12,512.0,0.14047815238814446,0,0.0,0.7949771626808841,0,0.0,1.0,0,0.0,1.0,6,186.0,6.347789846294512e-05,0,0.0,1.0,0,0.0,1.0,4,19.0,0.46233546241057677,0,0.0,0.9281565129474248,0,0.0,1.0,0,2.0,0.49781318623149945,34,1085.0
415.0,10.476510067114093,10.019108280254777,0,0.0,1.0,1,50.0,0.0,0,0.0,1.0,11,376.0,0.0,8,309.0,0.20016045172490352,0,0.0,0.8047509522925135,0,0.0,1.0,0,0.0,1.0,6,216.0,0.036037672343035516,0,0.0,1.0,0,0.0,1.0,7,49.0,0.36737277218988534,0,0.0,0.8435915296770456,0,0.0,1.0,0,0.0,1.0,33,1000.0
420.0,11.202702702702704,10.4875,0,0.0,1.0,1,55.0,0.0,0,0.0,1.0,11,431.0,0.0,8,283.0,0.26667837182337684,0,0.0,1.0,0,0.0,1.0,0,0.0,1.0,7,251.0,0.0,0,0.0,1.0,0,0.0,1.0,10,94.0,0.29834698925884856,0,0.0,0.9356012632248308,0,0.0,1.0,0,0.0,1.0,37,1114.0
425.0,11.42,10.99367088607595,0,0.0,1.0,1,60.0,0.0,0,2.0,0.8236771574347308,11,486.0,0.07638504504600377,8,257.0,0.22204091157370506,0,2.0,0.968802657088778,0,2.0,0.8274615622727722,0,0.0,0.7887874670209917,3,112.0,0.050308243496653166,0,0.0,0.983423038471356,0,0.0,1.0,11,149.0,0.3433664388614071,0,0.0,0.8915021793433419,0,0.0,1.0,0,0.0,1.0,34,1070.0
430.0,12.079470198675496,11.364197530864198,0,0.0,1.0,1,65.0,0.0,0,0.0,1.0,11,552.0,0.09578803265140717,9,262.0,0.07618601302968962,0,2.0,0.9037070797199239,0,0.0,1.0,0,0.0,0.652120750544581,3,92.0,0.15222603810977994,0,0.0,1.0,0,0.0,1.0,11,204.0,0.37231774313411026,0,2.0,0.8857090958567727,0,0.0,1.0,0,0.0,1.0,35,1179.0
435.0,12.279220779220779,11.41358024691358,0,0.0,1.0,1,70.0,0.0,0,0.0,1.0,12,611.0,0.0010311927674470183,5,247.0,0.3215122441074431,0,0.0,0.9996016288027866,0,17.0,0.8531753448237249,0,0.0,0.843469441575698,4,86.0,0.17621263860562084,0,0.0,1.0,0,0.0,1.0,4,190.0,0.4549584129408951,1,5.0,0.6928452966976534,0,0.0,1.0,0,0.0,1.0,27,1226.0
440.0,11.633986928104575,11.96951219512195,0,0.0,0.8439894159747354,0,71.0,0.2108695827385665,0,2.0,0.9039060927994929,12,675.0,0.005130269526719831,5,265.0,0.45927297608099915,0,0.0,0.6983767137303143,1,43.0,0.3475943616032313,1,1.0,0.004915581650750496,6,112.0,0.09360798805235707,0,0.0,1.0,0,0.0,1.0,0,128.0,0.5562944019201991,2,15.0,0.7240667184063602,0,0.0,1.0,0,9.0,0.6866873889558789,27,1321.0
445.0,11.064935064935066,11.69811320754717,0,0.0,0.7687354171815434,0,0.0,1.0,0,0.0,0.6592828906405711,5,583.0,0.12235627345578629,5,290.0,0.22245476706057524,0,0.0,0.8337572204644506,4,56.0,0.06333009661986762,1,6.0,0.488485461472019,7,144.0,0.0,0,0.0,1.0,0,0.0,1.0,0,42.0,0.7506215164482783,0,0.0,0.5246466919729853,0,0.0,1.0,0,0.0,1.0,22,1121.0
450.0,11.206666666666667,11.841772151898734,0,0.0,0.25541159866779706,1,2.0,0.002530479703953208,0,0.0,1.0,1,471.0,0.13718789845797788,7,321.0,0.18428527755437774,0,0.0,0.97307459174256,6,82.0,0.0011666245793506697,2,12.0,0.0015321120781830026,6,53.0,0.11937825764656254,0,0.0,1.0,0,0.0,1.0,0,4.0,0.7518675030493208,5,18.0,0.35335804958659445,0,0.0,1.0,0,0.0,1.0,28,963.0
455.0,12.14569536423841,12.675,1,4.0,0.0005179215379071383,2,8.0,8.89140277817328e-05,0,0.0,1.0,0,262.0,0.20545933815243025,7,356.0,0.27901815255351525,0,0.0,0.854356050371719,7,117.0,6.0518000638478615e-06,2,22.0,0.0,9,92.0,1.5687450451880607e-05,0,0.0,1.0,0,0.0,1.0,0,3.0,0.7245147849185203,6,44.0,0.15161958208239773,0,0.0,1.0,0,0.0,1.0,34,908.0
460.0,12.941176470588236,12.685185185185185,1,9.0,0.4225017579424463,2,18.0,0.0,0,0.0,1.0,0,44.0,0.39149619335695185,5,242.0,0.4347198873194544,1,3.0,0.4726737515307152,7,152.0,0.0,2,32.0,0.0,9,137.0,7.884878040309734e-07,0,0.0,1.0,0,0.0,1.0,0,3.0,0.7493142733430386,7,79.0,0.21729824141661472,0,0.0,1.0,0,0.0,1.0,34,719.0
465.0,13.697368421052632,13.509316770186336,1,14.0,0.07661215514072098,3,22.0,0.0009828618270919345,0,0.0,1.0,0,28.0,0.5365832254773759,5,267.0,0.12784814419205823,1,8.0,0.4517960552475151,1,97.0,0.1084756770476442,2,42.0,0.0,9,182.0,0.0,0,0.0,1.0,0,0.0,1.0,0,3.0,0.7795457376630538,7,114.0,0.2093819423338103,0,0.0,1.0,0,0.0,1.0,29,777.0
470.0,14.207792207792208,13.987654320987655,2,24.0,5.950743194462408e-05,3,37.0,0.0,0,0.0,1.0,1,31.0,0.5936952813829935,8,304.0,0.001986427798372909,1,13.0,0.45261534785752905,0,31.0,0.3482705628456336,2,52.0,0.0,9,227.0,0.0,0,0.0,1.0,0,0.0,1.0,0,3.0,0.6453250467617541,1,30.0,0.6191379164350918,0,0.0,1.0,0,0.0,1.0,27,752.0
475.0,14.377358490566039,14.49079754601227,2,34.0,0.0,3,52.0,0.0,0,0.0,1.0,1,36.0,0.5513770279741429,9,349.0,0.25206972693000895,1,18.0,0.0,0,0.0,1.0,2,62.0,0.0,5,169.0,0.017166301650178385,0,0.0,1.0,0,0.0,1.0,3,10.0,0.5405097987820848,1,2.0,0.72377905003922,0,0.0,1.0,0,0.0,1.0,27,732.0
480.0,15.329113924050633,15.717791411042946,2,44.0,0.27473012446569517,3,67.0,0.0,0,2.0,0.931169494448018,3,62.0,0.25520104565384505,9,394.0,0.2927012360072153,1,23.0,0.0,0,4.0,0.8204191544258039,2,72.0,0.0,4,139.0,0.05208549138149169,0,0.0,1.0,0,2.0,0.8880152733756752,6,35.0,0.5356882108641644,1,7.0,0.6778003139555099,0,0.0,1.0,0,0.0,1.0,31,851.0
485.0,14.772151898734178,14.981818181818182,3,56.0,5.396369124684392e-05,3,82.0,0.0,0,0.0,0.9118759959223053,5,84.0,0.33523495335499587,7,210.0,0.36281104819480653,1,28.0,0.497070001133898,0,0.0,0.615890877015033,2,82.0,0.0,4,152.0,0.10237993003181833,0,0.0,0.9633238370163664,0,0.0,1.0,7,70.0,0.4781578086114488,1,12.0,0.6682047913517932,0,0.0,1.0,0,0.0,0.49707640668128816,33,776.0
490.0,15.961290322580645,16.030674846625768,3,71.0,0.0,3,97.0,0.0,0,0.0,1.0,5,110.0,0.23805297833700304,9,190.0,0.19910956937646082,0,0.0,0.932138709931174,0,0.0,1.0,2,92.0,0.0,6,178.0,0.0001685448645697839,0,0.0,1.0,0,0.0,1.0,7,105.0,0.513255244489532,1,19.0,0.7915424004203145,0,0.0,1.0,0,0.0,1.0,36,862.0
495.0,17.431372549019606,17.00602409638554,3,86.0,0.0,3,112.0,0.0,0,0.0,1.0,8,160.0,0.1767278310670833,11,239.0,0.1523344968022717,0,0.0,1.0,0,0.0,1.0,2,102.0,0.0,6,210.0,0.12934567247756115,0,0.0,1.0,0,0.0,0.9377004062218453,9,142.0,0.35521224916817795,2,26.0,0.624009393990679,0,0.0,1.0,0,0.0,1.0,44,1077.0
500.0,16.835443037974684,17.679012345679013,2,100.0,0.026661501614026587,2,75.0,0.0,0,0.0,1.0,10,211.0,0.13705666310186185,12,298.0,0.12161010900788019,0,0.0,1.0,0,0.0,1.0,2,112.0,0.0,4,95.0,0.009757034632867343,0,0.0,1.0,0,0.0,1.0,12,193.0,0.23175821214562817,1,1.0,0.7600347137600929,0,0.0,1.0,0,0.0,0.706127498969767,45,1085.0
505.0,17.942307692307693,17.403614457831324,0,0.0,1.0,2,85.0,0.0,0,0.0,1.0,13,272.0,0.05376911670264178,14,363.0,0.06016110883042428,0,0.0,1.0,0,0.0,1.0,2,122.0,0.0,5,119.0,0.029794011917271917,0,0.0,1.0,0,0.0,1.0,11,193.0,0.26173592162059506,1,6.0,0.7669437865852125,0,0.0,1.0,0,0.0,1.0,48,1160.0
510.0,18.606451612903225,17.196428571428573,0,0.0,1.0,2,95.0,0.0,0,0.0,1.0,14,373.0,0.0954203985742569,10,364.0,0.13917780422402004,0,0.0,0.9093950119114295,0,2.0,0.92368496507459,2,132.0,0.0,6,147.0,0.09421802396046682,0,0.0,1.0,0,0.0,1.0,7,179.0,0.2812538835816494,2,12.0,0.4856595479095344,0,0.0,1.0,0,0.0,1.0,43,1304.0
515.0,19.587096774193547,18.33939393939394,0,0.0,0.8377600203343997,4,107.0,0.0018582195717366547,0,0.0,1.0,15,450.0,0.059075438030336574,9,281.0,0.13005432155234797,0,0.0,0.9798599906236667,0,0.0,1.0,2,142.0,0.0,7,178.0,0.00045052765146370047,0,0.0,1.0,0,0.0,1.0,2,140.0,0.44216137750890877,4,25.0,0.2800424955897007,0,0.0,1.0,0,0.0,1.0,43,1323.0
520.0,20.335443037974684,18.57894736842105,0,0.0,0.8773409832955759,4,127.0,0.0,0,0.0,1.0,18,536.0,0.0005725971771841882,9,270.0,0.2957767477073704,0,0.0,0.898056485967257,0,0.0,1.0,2,152.0,0.314508071371857,7,213.0,0.0,0,0.0,1.0,0,0.0,1.0,0,87.0,0.6473549256281244,5,49.0,0.3169911912272732,0,0.0,1.0,0,0.0,1.0,45,1434.0
525.0,20.79874213836478,19.17543859649123,0,0.0,0.6990368167051659,2,125.0,0.002983686977942296,0,0.0,1.0,19,631.0,0.04936643318437834,11,318.0,0.2031682344943427,0,0.0,1.0,0,0.0,1.0,2,162.0,0.1980094451205814,4,143.0,0.12390891559036328,0,0.0,1.0,0,0.0,1.0,0,33.0,0.7224683331394146,1,29.0,0.5480264258929469,0,0.0,1.0,0,0.0,1.0,39,1441.0
530.0,21.635802469135804,20.514792899408285,0,0.0,0.009612940786253759,3,140.0,3.2157290174399875e-06,0,0.0,1.0,19,726.0,0.011100939148332581,11,373.0,0.11939163190675307,0,0.0,0.9474781357301806,0,0.0,0.9984316352822833,3,176.0,1.4996483138755228e-05,7,147.0,8.612237460105093e-05,0,0.0,1.0,0,0.0,1.0,0,19.0,0.802027641076512,1,11.0,0.6818522168845593,0,0.0,1.0,0,0.0,1.0,44,1592.0
535.0,22.652439024390244,21.650887573964496,1,5.0,2.3332774496259267e-05,3,155.0,0.0,0,0.0,1.0,21,828.0,8.596511303182687e-06,12,423.0,0.19367311300769954,0,48.0,0.9586793928572597,0,24.0,0.9224938410649483,3,191.0,0.0,8,184.0,0.0834333889525779,0,0.0,1.0,0,0.0,1.0,0,11.0,0.8432908835827876,1,7.0,0.743141960749505,0,0.0,1.0,0,0.0,1.0,49,1876.0
540.0,24.1840490797546,23.295180722891565,1,10.0,0.0,3,170.0,0.0,0,0.0,1.0,21,933.0,0.0,12,483.0,0.2205373226082597,0,48.0,0.9042517568787107,0,25.0,0.9089790941940895,3,206.0,0.2223084490023796,9,228.0,8.932586423370171e-07,0,0.0,1.0,0,0.0,1.0,0,23.0,0.8509506136612369,1,12.0,0.7259386471872874,0,0.0,1.0,0,0.0,1.0,50,2138.0
545.0,25.96894409937888,24.327380952380953,1,15.0,0.0,3,185.0,0.0,0,0.0,1.0,21,1038.0,0.0,15,552.0,0.1713911135702949,0,0.0,0.9049621478342957,0,0.0,1.0,4,222.0,0.0014495832466770425,9,273.0,0.0,0,0.0,1.0,0,0.0,1.0,0,25.0,0.8697227271919682,1,19.0,0.39356529187383743,0,0.0,1.0,0,0.0,1.0,54,2329.0
550.0,26.782608695652176,25.224852071005916,0,19.0,0.5337992274868267,2,195.0,0.10593869748745989,0,0.0,1.0,21,1143.0,0.03558090881720894,16,629.0,0.27798383851797975,0,0.0,1.0,0,0.0,1.0,4,242.0,0.0,5,258.0,0.04031838733778198,0,0.0,1.0,0,0.0,1.0,0,25.0,0.8781805109886619,4,31.0,0.4600447989382094,0,0.0,1.0,0,0.0,1.0,52,2542.0
555.0,28.2125,26.80952380952381,0,0.0,0.9874501164630859,2,185.0,0.0,0,0.0,1.0,22,1274.0,0.001116064312642971,18,714.0,0.18256109150745115,0,0.0,1.0,0,0.0,0.8617014329758994,4,262.0,0.0,5,225.0,0.0,0,0.0,1.0,0,0.0,1.0,1,26.0,0.7857033316595932,3,20.0,0.5708321081920866,0,0.0,1.0,0,0.0,0.6099307012638544,55,2706.0
560.0,27.8125,26.595238095238095,0,0.0,1.0,2,195.0,0.0,0,0.0,1.0,24,1391.0,2.88464525258371e-05,15,492.0,0.07004198927074975,0,0.0,1.0,0,0.0,0.8175415396410916,4,282.0,0.0,5,250.0,0.1646407693877428,0,0.0,1.0,0,0.0,1.0,2,33.0,0.5737293089969349,1,11.0,0.6888537620048767,0,0.0,1.0,0,0.0,1.0,53,2654.0
565.0,28.7125,26.63953488372093,0,0.0,1.0,2,205.0,0.0,0,0.0,1.0,24,1511.0,0.0,7,240.0,0.13760531507290008,0,0.0,1.0,0,0.0,0.6447286315751499,4,302.0,0.0,5,275.0,0.16034588396092034,0,0.0,1.0,0,0.0,1.0,6,55.0,0.5265638198834262,2,20.0,0.5327096627813444,0,0.0,1.0,0,0.0,1.0,50,2608.0
570.0,30.1125,27.369318181818183,0,0.0,0.8777558614193334,2,215.0,0.0,0,0.0,1.0,24,1631.0,0.0,5,149.0,0.22651332914345476,0,0.0,1.0,0,2.0,0.47570533850805996,4,322.0,0.0,5,300.0,0.0,0,0.0,1.0,0,2.0,0.9964321377351365,7,88.0,0.5025180389184716,3,35.0,0.5307856376056364,0,0.0,1.0,0,0.0,1.0,50,2744.0
575.0,30.76875,27.664772727272727,0,0.0,1.0,2,225.0,0.006415081556299475,0,0.0,1.0,24,1751.0,0.0,5,132.0,0.05485234020503196,0,0.0,1.0,0,6.0,0.1287373963016708,4,392.0,0.16219887818226503,1,138.0,0.08542841522848017,0,0.0,0.9517358133349642,0,0.0,1.0,8,132.0,0.5197743497670331,0,0.0,0.6540001032828232,0,0.0,1.0,0,0.0,1.0,44,2776.0
580.0,31.38364779874214,25.735955056179776,0,0.0,0.9863046869261717,1,116.0,0.13238253187718252,0,0.0,1.0,22,1627.0,0.0,6,158.0,0.2424209242381909,0,0.0,1.0,3,14.0,0.004299412313634142,4,412.0,0.1378931521181763,2,150.0,0.03632141312746951,0,0.0,1.0,0,0.0,1.0,7,149.0,0.48552933431513035,0,0.0,0.8611459572335405,0,0.0,1.0,0,0.0,1.0,45,2626.0
585.0,29.567901234567902,25.491620111731844,0,0.0,0.9473421670587766,1,14.0,0.1634841439895614,0,0.0,1.0,17,1722.0,0.01883215170395321,4,118.0,0.1909445280707582,0,0.0,1.0,4,34.0,1.549417231795572e-05,5,476.0,0.1545874990732817,4,166.0,3.394095998804012e-05,0,0.0,1.0,0,0.0,1.0,5,117.0,0.37637918421172295,0,0.0,0.8596349944355184,0,0.0,1.0,0,0.0,1.0,40,2647.0
590.0,28.773006134969325,24.92265193370166,0,0.0,1.0,1,14.0,0.20069888441988426,0,0.0,1.0,12,1590.0,0.05052553428175276,5,142.0,0.13031881606779222,0,0.0,0.9140341600400997,0,11.0,0.1991883442696699,5,501.0,0.20706100516089535,4,186.0,0.08404936372275978,0,0.0,1.0,0,0.0,1.0,4,95.0,0.4090782083436694,0,2.0,0.8935066333268786,0,0.0,1.0,0,0.0,1.0,31,2541.0
595.0,28.288343558282207,25.47486033519553,0,0.0,1.0,2,23.0,0.0,0,0.0,1.0,8,1338.0,0.0783812855223502,6,172.0,0.3102703356842322,0,0.0,0.8991741448077496,0,0.0,1.0,6,531.0,0.01938144274810805,7,215.0,0.12030546569207685,0,0.0,1.0,0,0.0,1.0,0,58.0,0.5750564514895966,1,4.0,0.6816546634589835,0,0.0,1.0,0,0.0,1.0,30,2341.0
600.0,28.322981366459626,25.75722543352601,0,0.0,0.8022502314396289,2,33.0,0.0,0,0.0,1.0,2,1176.0,0.15926652315970372,6,202.0,0.3001086535938135,0,0.0,0.9477201389530167,0,5.0,0.8327546068948175,8,570.0,0.0,4,195.0,0.10352957149318837,0,0.0,1.0,0,0.0,1.0,0,45.0,0.6964784186867594,1,3.0,0.6979074010745511,0,0.0,1.0,0,0.0,1.0,23,2229.0
605.0,27.802395209580837,26.586206896551722,0,0.0,0.7870758275536889,2,43.0,0.0,0,0.0,0.8236181915714027,0,899.0,0.28052326143767686,7,236.0,0.3593183565302284,0,0.0,1.0,0,47.0,0.674630668602813,8,610.0,0.0,5,201.0,4.6039468791167876e-05,0,0.0,1.0,0,0.0,1.0,0,27.0,0.6662164773079788,0,0.0,0.9219297631000289,0,0.0,1.0,0,0.0,1.0,22,2063.0
610.0,28.24848484848485,26.782857142857143,0,0.0,0.009834255434209365,2,20.0,0.001046716931733756,0,0.0,0.9704184805778898,0,810.0,0.40184813817847653,6,203.0,0.25026366033181807,0,0.0,0.9791542704518653,0,3.0,0.7528646807006716,8,650.0,0.0,5,226.0,0.0,0,0.0,1.0,0,0.0,1.0,3,34.0,0.5660582340869194,0,0.0,0.7084727123946742,0,0.0,1.0,0,0.0,1.0,24,1946.0
615.0,29.57668711656442,27.8,1,5.0,1.1887846360311892e-05,2,30.0,0.0,0,0.0,0.8001657029047735,3,878.0,0.2781355346730456,5,116.0,0.34506370704264266,0,0.0,0.8001220470051423,0,0.0,0.7829827575159485,8,690.0,0.0,5,251.0,0.0011904900256858918,0,0.0,1.0,0,0.0,1.0,8,61.0,0.382519008177883,2,8.0,0.47747205951271265,0,0.0,1.0,0,0.0,1.0,34,2039.0
620.0,30.950920245398773,29.32758620689655,1,10.0,0.0,2,40.0,0.2999869533930713,0,0.0,0.8307425694077698,7,907.0,0.24566274478285652,8,92.0,0.33006044534846796,0,0.0,0.8827061655163946,0,0.0,0.8602125915296452,8,730.0,0.0,6,281.0,1.2743277786932427e-06,0,0.0,1.0,0,0.0,1.0,11,111.0,0.30295035969863465,4,24.0,0.4113170229940389,0,0.0,1.0,0,0.0,1.0,47,2195.0
625.0,31.166666666666668,30.0225988700565,1,15.0,0.0,2,50.0,0.0,0,0.0,1.0,9,951.0,0.165994569399157,9,132.0,0.29095177342792217,0,0.0,0.9316485026577084,0,0.0,1.0,8,770.0,0.0,4,264.0,0.002079075378067061,0,0.0,1.0,0,0.0,1.0,13,174.0,0.31022935095480764,0,0.0,0.8991405120098435,0,0.0,1.0,0,0.0,1.0,46,2356.0
630.0,31.9,31.01123595505618,1,20.0,0.0,2,60.0,0.0,0,0.0,1.0,13,1008.0,0.032614340378979444,11,183.0,0.14501390757173768,0,0.0,0.9490024126066369,0,2.0,0.7980170606054022,8,810.0,0.0,5,289.0,0.0,0,0.0,0.8661280466440375,0,0.0,1.0,8,176.0,0.3820494082178755,0,0.0,0.9318941849723373,0,0.0,1.0,0,0.0,1.0,48,2548.0
635.0,32.17341040462428,31.324022346368714,1,25.0,0.47179212094651407,2,70.0,0.0,0,0.0,1.0,17,1089.0,0.12488498979539867,3,149.0,0.12805150932907367,0,0.0,0.9666437251898338,0,0.0,0.9126814681180391,8,850.0,0.15919729966075716,5,314.0,0.0,0,0.0,1.0,0,0.0,1.0,1,128.0,0.55225730420417,0,0.0,0.9262951298735416,0,0.0,1.0,0,0.0,1.0,37,2625.0
640.0,32.668571428571425,32.266666666666666,0,29.0,0.26794865008464613,1,31.0,0.0,0,0.0,1.0,20,1191.0,0.04334212048046432,6,126.0,0.05301129754895838,0,0.0,1.0,0,0.0,1.0,9,891.0,0.0021228195377796027,5,339.0,0.1608361856748017,0,0.0,1.0,0,0.0,1.0,0,78.0,0.4793869299793623,0,0.0,0.9229185257582564,0,0.0,1.0,0,0.0,1.0,41,2685.0
645.0,34.888888888888886,33.357142857142854,0,0.0,1.0,1,36.0,0.29050939613602267,0,0.0,1.0,22,1314.0,0.007707363026095984,6,156.0,0.23489492098741682,0,0.0,1.0,0,0.0,1.0,10,940.0,7.830208644504352e-07,5,364.0,0.13401583247784007,0,0.0,1.0,0,0.0,0.7853594159440838,0,27.0,0.5102734545651113,1,1.0,0.8162901350486037,0,0.0,1.0,0,0.0,1.0,45,2838.0
650.0,36.6764705882353,34.7967032967033,0,0.0,0.8259238950778796,1,41.0,0.0,0,0.0,1.0,25,1479.0,0.0008550505326223204,6,186.0,0.3055199682745601,0,0.0,1.0,0,0.0,1.0,10,1003.0,0.08312656898148514,5,389.0,0.14650648397668312,0,0.0,1.0,0,0.0,0.9335387826741834,0,0.0,0.6256394491903375,1,6.0,0.7506926037578389,0,0.0,1.0,0,0.0,1.0,48,3104.0
655.0,38.13095238095238,36.28888888888889,0,0.0,0.9385478434913527,2,48.0,0.15230116076808803,0,0.0,1.0,26,1607.0,0.010814568397549747,6,216.0,0.3047829203631022,0,0.0,1.0,0,0.0,1.0,11,1055.0,1.1296452773292112e-05,4,355.0,0.10938801547072631,0,0.0,1.0,0,0.0,1.0,0,2.0,0.7831015479465593,2,13.0,0.5059912760896937,0,0.0,1.0,0,0.0,1.0,51,3296.0
660.0,38.708333333333336,36.38918918918919,0,0.0,1.0,3,62.0,9.99527859876967e-05,0,0.0,1.0,27,1740.0,1.9114592658013416e-06,4,134.0,0.4125504143603815,0,0.0,1.0,0,0.0,1.0,11,1110.0,0.0,6,344.0,0.11669684580436296,0,0.0,1.0,0,0.0,1.0,0,2.0,0.7913781948571356,3,28.0,0.48610968613802796,0,0.0,1.0,0,0.0,0.5268229735721826,54,3420.0
665.0,34.76608187134503,33.45945945945946,0,0.0,0.7764735598986194,3,77.0,0.0,0,0.0,1.0,27,1875.0,0.0,6,140.0,0.23180784723798487,0,0.0,1.0,0,0.0,1.0,11,1165.0,0.0,7,313.0,3.454561126364427e-05,0,0.0,1.0,0,0.0,1.0,0,2.0,0.7968041219056783,4,47.0,0.5061199686465883,0,0.0,1.0,0,0.0,1.0,58,3619.0
670.0,28.833333333333332,31.15846994535519,0,0.0,0.7162719332149869,3,92.0,0.0,0,0.0,1.0,27,2010.0,0.0,7,173.0,0.11263601973839915,0,0.0,1.0,0,2.0,0.8282769959204114,11,1220.0,0.046057805256967614,8,350.0,5.338255329864516e-05,0,0.0,1.0,0,0.0,1.0,0,2.0,0.7767682701062977,3,41.0,0.39060617726697394,0,0.0,1.0,0,0.0,1.0,59,3890.0
675.0,26.52906976744186,29.060439560439562,0,0.0,0.9759135243235253,4,108.0,0.0011467686106613193,0,0.0,1.0,27,2145.0,0.0,8,212.0,0.3091005719063775,0,0.0,1.0,0,2.0,0.027632231736081092,12,1278.0,2.8669949525167872e-06,8,390.0,0.0,0,0.0,1.0,0,0.0,1.0,0,2.0,0.8049000944389125,5,63.0,0.36687158304852885,0,0.0,1.0,0,0.0,1.0,64,4200.0
680.0,21.488505747126435,22.578651685393258,0,0.0,0.2108692174058222,4,128.0,0.0,0,2.0,0.9211499757698342,27,2280.0,0.0,9,256.0,0.33540182227238063,0,0.0,0.9531659639360812,1,11.0,0.3497663274309331,12,1338.0,0.0,4,341.0,0.0013484496388174185,0,0.0,1.0,0,0.0,1.0,0,2.0,0.8243058835256117,0,31.0,0.5302574779627542,0,0.0,1.0,0,0.0,1.0,57,4389.0
685.0,18.257142857142856,15.292817679558011,1,3.0,0.0,4,148.0,0.0,0,0.0,1.0,27,2415.0,0.0,7,219.0,0.1912963654705921,0,0.0,0.9850497599523411,3,20.0,0.0010457968357301015,12,1398.0,0.0,6,367.0,0.00041221106866761787,0,0.0,1.0,0,0.0,1.0,0,2.0,0.7828000324558385,0,0.0,0.9419828241776536,0,0.0,1.0,0,0.0,1.0,60,4572.0
690.0,14.898305084745763,12.826086956521738,1,8.0,0.4594917063523841,3,165.0,0.07176830767118307,0,2.0,0.7483826297041564,26,2549.0,0.0026082001164418143,10,206.0,0.14348347090130023,0,0.0,1.0,0,0.0,1.0,12,1458.0,0.0,6,397.0,0.1805156787335848,0,0.0,1.0,0,0.0,1.0,0,2.0,0.7670430853788989,0,0.0,0.9149334413213158,0,0.0,1.0,0,0.0,1.0,58,4787.0
695.0,12.816091954022989,9.533333333333333,1,13.0,0.4672394781641414,3,102.0,0.0,0,201.0,0.7197466566066962,21,2336.0,0.035418735383727015,12,264.0,0.13520035406155048,0,0.0,1.0,0,0.0,1.0,12,1518.0,0.0,9,439.0,0.010141704255858272,0,0.0,1.0,0,0.0,1.0,0,2.0,0.7837069851518331,0,0.0,0.5459816010924511,0,0.0,1.0,0,0.0,1.0,58,4875.0
700.0,10.925714285714285,9.861878453038674,2,20.0,0.22763829799035584,3,117.0,0.0,1,74.0,0.491900046436427,16,1929.0,0.07892185747215817,12,324.0,0.16859745284534697,0,0.0,1.0,0,40.0,0.999510153546917,12,1578.0,0.0,10,488.0,0.07324154936108966,0,0.0,1.0,0,0.0,1.0,0,0.0,0.919573030678617,1,7.0,0.7284923708092039,0,0.0,1.0,0,0.0,1.0,57,4577.0
705.0,10.801136363636363,8.192307692307692,3,31.0,0.0006438358989405015,3,132.0,0.0,2,155.0,0.16574684794867464,10,1550.0,0.1762525381215704,12,384.0,0.16792787410789148,0,0.0,1.0,0,37.0,0.7433385878714325,12,1638.0,0.07425825722519137,7,389.0,0.036076691048927176,0,0.0,1.0,0,0.0,1.0,0,0.0,0.8532779991061408,0,0.0,0.8945973765299492,0,0.0,1.0,0,0.0,1.0,49,4316.0
710.0,9.700564971751412,7.679347826086956,3,46.0,0.0,3,147.0,0.0,3,167.0,5.64596417274108e-05,4,1200.0,0.28962161690858346,6,320.0,0.2425887429319781,0,0.0,1.0,0,34.0,0.6490903648141167,13,1699.0,0.0005628018441811148,7,369.0,0.0,0,0.0,1.0,0,0.0,1.0,0,0.0,0.8706913251750237,0,0.0,0.7382489579213927,0,0.0,1.0,0,0.0,1.0,39,3982.0
715.0,9.691428571428572,7.333333333333333,2,28.0,0.0,3,122.0,0.00019636578549207286,3,182.0,0.0,0,1013.0,0.32443366243757116,7,288.0,0.3088983121738605,0,0.0,1.0,0,0.0,0.7918691111403096,13,1764.0,0.049868738282151645,8,406.0,2.7109972256350425e-05,0,0.0,1.0,0,2.0,0.8812010195713077,0,0.0,0.8422402609620512,1,5.0,0.6645775667788132,0,0.0,1.0,0,0.0,1.0,37,3810.0
720.0,9.85632183908046,7.978260869565218,0,12.0,0.3779944388573219,3,137.0,0.0,3,197.0,0.0,3,1078.0,0.24711249645811517,7,305.0,0.29474212370455094,0,0.0,1.0,0,4.0,0.6229162980583057,14,1831.0,9.25193035634736e-05,9,447.0,0.006739013146847222,0,0.0,1.0,0,0.0,1.0,0,0.0,0.8393552514304243,1,10.0,0.5939809967184372,0,0.0,1.0,0,0.0,1.0,40,4021.0
725.0,10.502824858757062,8.534031413612565,0,0.0,0.9609925404654357,3,152.0,0.0,3,212.0,0.0,7,1211.0,0.1682835672029396,10,348.0,0.26794188831702553,0,0.0,1.0,0,5.0,0.45239971497842835,14,1901.0,0.0,10,497.0,4.323094563209291e-06,0,0.0,1.0,0,0.0,1.0,0,0.0,0.7626535992024573,4,22.0,0.358367565562835,0,0.0,1.0,0,0.0,1.0,51,4348.0
730.0,11.305084745762711,9.597883597883598,0,0.0,0.8375098043090679,3,167.0,0.0,3,227.0,0.0,10,1300.0,0.08401153360909633,11,400.0,0.25360701152002113,0,0.0,1.0,2,10.0,0.0010017831905932359,14,1971.0,0.0,6,482.0,0.014326360881617947,0,0.0,1.0,0,0.0,1.0,0,0.0,0.686235561994302,0,13.0,0.5689368988837324,0,0.0,1.0,0,0.0,1.0,49,4570.0
735.0,11.422222222222222,10.291666666666666,0,0.0,0.8720275993051352,3,182.0,0.0,3,242.0,0.0,14,1424.0,0.13052736760302014,9,356.0,0.26576885529855343,0,0.0,0.8797302110615164,2,20.0,0.0,14,2041.0,0.0,6,509.0,0.11099440706293086,0,0.0,1.0,0,0.0,1.0,0,3.0,0.6215965505732468,0,0.0,0.9467930094494198,0,0.0,1.0,0,0.0,1.0,51,4777.0
740.0,12.19889502762431,10.656410256410256,0,0.0,1.0,3,219.0,0.12026031669498001,3,257.0,0.0,18,1433.0,0.0489316379855741,6,245.0,0.2564993538472679,0,0.0,0.9363412783515395,2,32.0,0.2535251154527007,14,2111.0,0.0,6,535.0,0.13232513910019386,0,0.0,1.0,0,0.0,1.0,0,0.0,0.8065792347482154,0,0.0,0.9195906280219578,0,0.0,1.0,0,0.0,1.0,52,4832.0
745.0,12.88586956521739,11.569230769230769,0,0.0,1.0,3,188.0,0.0,3,272.0,0.0,14,1345.0,0.035127555227858216,6,154.0,0.26061924543364945,0,0.0,0.8142483686428633,2,66.0,0.26817395758728846,14,2181.0,0.0,7,568.0,1.1410863504221446e-05,0,0.0,1.0,0,0.0,1.0,0,0.0,0.8770169232326066,0,20.0,0.6359952864262243,0,0.0,1.0,0,0.0,1.0,49,4794.0
750.0,13.87027027027027,12.52020202020202,0,0.0,0.9591772639718067,3,203.0,0.0,3,287.0,0.0,12,1225.0,0.05962578671923805,9,160.0,0.152193849884799,0,37.0,0.964708896394132,4,85.0,0.0488710603380652,14,2251.0,0.0,7,603.0,0.0,0,0.0,1.0,0,0.0,1.0,0,0.0,0.8466123579740664,2,28.0,0.6129194618858067,0,0.0,1.0,0,0.0,1.0,54,4879.0
755.0,14.903225806451612,13.722222222222221,0,0.0,0.01932071997636582,3,218.0,0.0,3,304.0,0.24822735949712418,8,1012.0,0.12612738007962512,9,178.0,0.02305383957411847,0,39.0,0.8874610764182991,8,118.0,0.0009199739274756646,14,2321.0,0.03421207819439533,7,638.0,0.0,0,0.0,1.0,0,0.0,1.0,0,0.0,0.8710627814417548,2,38.0,0.545410959313292,0,0.0,1.0,0,0.0,1.0,54,4866.0
760.0,15.35483870967742,13.5,1,4.0,1.6910156484923583e-05,3,233.0,0.0,4,325.0,0.07991627370559927,4,770.0,0.18741999379372376,4,150.0,0.08322748757278751,0,2.0,0.9739452332646942,9,163.0,0.0,15,2395.0,6.805638226371029e-07,2,452.0,0.24585786671416748,0,0.0,1.0,0,0.0,1.0,0,0.0,0.8653641833476167,1,34.0,0.6331374038410021,0,0.0,1.0,0,2.0,0.6999886461213419,43,4530.0
765.0,16.16216216216216,14.38,0,8.0,0.03865209445051829,3,222.0,0.00013824443894587426,6,350.0,6.976473049049975e-05,0,575.0,0.23588483086324355,4,139.0,0.2,0,2.0,0.7985345985638963,9,208.0,7.717758600957042e-07,15,2470.0,0.0,3,371.0,0.13019174148755397,0,0.0,1.0,0,0.0,1.0,0,0.0,0.8410058306596012,1,39.0,0.6224643105523031,0,0.0,1.0,0,0.0,1.0,41,4384.0
770.0,17.161290322580644,16.066326530612244,0,0.0,1.0,3,237.0,0.0,6,380.0,0.0,2,588.0,0.2505400501558621,4,159.0,0.49409332272565565,0,0.0,1.0,9,253.0,0.0,15,2545.0,0.0,3,381.0,0.21119901571885782,0,0.0,1.0,0,0.0,1.0,0,0.0,0.8114621933319156,2,5.0,0.6138039362652229,0,0.0,1.0,0,0.0,1.0,44,4548.0
775.0,18.427807486631018,17.5765306122449,0,0.0,1.0,3,252.0,0.0,6,410.0,0.0,5,614.0,0.1858433107684303,4,179.0,0.5109245875747981,0,0.0,1.0,9,298.0,0.0,16,2621.0,0.0002614480348978945,4,391.0,0.11406697520794032,0,0.0,1.0,0,0.0,1.0,0,0.0,0.7824538882934328,2,15.0,0.49113337238773025,0,0.0,1.0,0,0.0,1.0,49,4780.0
780.0,20.032258064516128,19.101522842639593,0,0.0,1.0,3,267.0,0.0,6,440.0,0.0,9,661.0,0.114176484795827,5,202.0,0.43205460096718346,0,2.0,0.8142411672173131,9,343.0,0.0,16,2701.0,0.0,7,422.0,0.12414336656265743,0,0.0,1.0,0,0.0,1.0,0,0.0,0.7191086822804041,3,29.0,0.4665471910080719,0,0.0,1.0,0,0.0,1.0,58,5067.0
785.0,20.767195767195766,19.98469387755102,0,0.0,0.8895240948075039,3,282.0,0.0,6,470.0,0.0,12,750.0,0.039874343569770855,6,88.0,0.3339626714059498,0,2.0,0.8887217628506666,9,388.0,0.0,16,2781.0,0.0,5,433.0,0.18717749466919692,0,0.0,1.0,0,0.0,0.7923915418498078,0,0.0,0.7584021899315139,4,45.0,0.39881039498373533,0,0.0,1.0,0,0.0,1.0,61,5239.0
790.0,21.389473684210525,20.588832487309645,0,0.0,1.0,3,297.0,0.0,6,500.0,0.0,16,825.0,0.0038588939338997986,7,123.0,0.24099661935524128,0,2.0,0.9864223075923145,2,249.0,0.06472193707792058,16,2861.0,0.0,7,457.0,7.064057752033416e-05,0,0.0,1.0,0,0.0,1.0,0,0.0,0.7696746976690533,0,27.0,0.5569259917314813,0,0.0,1.0,0,0.0,1.0,57,5341.0
795.0,20.433155080213904,20.908163265306122,0,0.0,1.0,1,31.0,0.0,6,530.0,0.0,19,918.0,0.0479816674210082,10,165.0,0.039111340024088274,0,0.0,1.0,0,186.0,0.2923193141955484,16,2941.0,0.0,7,492.0,0.06647643313338274,0,0.0,1.0,0,0.0,1.0,0,1.0,0.7708683826266787,1,15.0,0.3785989640028192,0,0.0,1.0,0,0.0,1.0,60,5279.0
800.0,21.80851063829787,21.831632653061224,0,0.0,0.9993321773419164,1,36.0,0.0,6,560.0,0.0,20,1014.0,0.00033802127149857664,12,224.0,0.07401988866001111,0,24.0,0.8122165853393234,0,108.0,0.4341956969500637,16,3021.0,0.0,8,529.0,5.6674606228727354e-05,0,0.0,1.0,0,0.0,1.0,0,1.0,0.7475966235220205,3,29.0,0.47348593094257513,0,0.0,1.0,0,0.0,1.0,66,5546.0
805.0,22.93782383419689,23.228426395939085,0,0.0,1.0,1,41.0,0.0,6,592.0,0.1029793039879945,20,1116.0,0.00543089610010893,12,284.0,0.13497574203882032,0,26.0,0.9041155848786928,0,117.0,0.46076621612349167,16,3101.0,0.0,8,569.0,0.0,0,0.0,1.0,0,0.0,1.0,0,1.0,0.7501457574384186,3,44.0,0.4581224644225343,0,0.0,1.0,0,0.0,0.5806650511628713,66,5891.0
810.0,23.98952879581152,23.475,0,0.0,1.0,2,48.0,0.0001410999879736698,7,624.0,0.005723264979037379,21,1220.0,3.0179716866316047e-06,9,216.0,0.16313944477609674,0,2.0,0.946276408175294,0,67.0,0.5579497424730521,16,3181.0,0.0,4,500.0,0.1538193843885771,0,0.0,1.0,0,2.0,0.987990649560299,0,1.0,0.7646883583079491,3,59.0,0.45170349706082363,0,0.0,1.0,0,0.0,1.0,62,5920.0
815.0,24.917525773195877,24.736318407960198,0,0.0,1.0,2,58.0,0.0,8,664.0,0.0,21,1325.0,0.0,11,259.0,0.20017322767361145,0,0.0,1.0,0,52.0,0.41952155611227787,16,3261.0,0.0,5,455.0,0.0004874103697977622,0,0.0,1.0,0,0.0,1.0,0,1.0,0.7362296079625693,0,0.0,0.9263425575549442,0,0.0,1.0,0,0.0,1.0,63,6075.0
820.0,26.041450777202073,25.71144278606965,0,0.0,1.0,1,65.0,0.18100562302958023,8,704.0,0.0,20,1429.0,0.0627031328706635,12,315.0,0.1999730508682839,0,0.0,1.0,0,2.0,0.23898524583550573,16,3341.0,0.0,5,480.0,0.05954256088388377,0,0.0,1.0,0,0.0,1.0,0,1.0,0.7560224371086538,1,2.0,0.7930591972064688,0,0.0,1.0,0,0.0,1.0,63,6339.0
825.0,26.644329896907216,26.935,0,0.0,0.9115097434100662,2,20.0,8.830197824035827e-05,8,744.0,0.0,19,1273.0,0.025564432327361136,14,384.0,0.1148751195671549,0,0.0,1.0,0,2.0,0.3215756336571933,16,3421.0,0.0,6,508.0,0.0839619203723686,0,0.0,1.0,0,0.0,1.0,0,1.0,0.7402192379842351,1,7.0,0.7488014513242738,0,0.0,1.0,0,0.0,1.0,66,6360.0
830.0,27.238578680203045,27.889447236180903,0,0.0,0.9214802967583109,2,30.0,0.0,9,785.0,0.0002827008739970109,15,1118.0,0.0782162036091249,16,460.0,0.09739296351564394,0,0.0,1.0,0,2.0,0.012760010342059655,16,3501.0,0.0,8,544.0,0.0020803967154340536,0,0.0,0.8599867983548545,0,0.0,1.0,0,1.0,0.7793100648169962,3,16.0,0.5990835396518505,0,0.0,1.0,0,454.0,0.4712672473431357,69,6911.0
835.0,27.59278350515464,27.745,0,0.0,0.9106298022839143,2,40.0,0.03812113702610814,9,830.0,0.0,10,897.0,0.12229660219624243,9,400.0,0.199409618811783,0,131.0,0.9399315748161456,2,11.0,7.999383347559341e-06,16,3581.0,0.0,3,450.0,0.07607349540002797,0,0.0,0.9819231634597401,0,0.0,1.0,0,1.0,0.7483160368177115,3,31.0,0.5088734204770416,0,0.0,1.0,0,0.0,1.0,54,6372.0
840.0,27.68020304568528,28.886138613861387,0,0.0,0.027538275833482326,3,52.0,0.03241696621698837,9,875.0,0.0,7,784.0,0.16840909810076035,9,306.0,0.23075572634173352,0,247.0,0.9461119823095825,2,24.0,0.36593214383803113,16,3661.0,0.0,3,425.0,0.20915007008473474,0,0.0,1.0,0,0.0,1.0,3,7.0,0.5016597959372608,0,9.0,0.8028094338993182,0,0.0,1.0,0,12.0,0.4998423670940148,52,6402.0
845.0,28.619289340101524,29.679802955665025,1,5.0,8.66169298910731e-05,2,40.0,0.02747942256645296,9,920.0,0.0,0,726.0,0.22728336505395544,10,352.0,0.1975933755908943,0,116.0,0.9244021354489146,3,44.0,0.09421464297116162,16,3741.0,0.0,4,441.0,0.0011496899369237215,0,0.0,1.0,0,0.0,1.0,6,28.0,0.41251529435079304,0,3.0,0.8242153801728918,0,0.0,1.0,0,0.0,1.0,51,6416.0
850.0,30.260204081632654,31.371287128712872,1,10.0,0.0,3,55.0,0.0,9,965.0,0.0,1,750.0,0.2368821558899811,11,408.0,0.1996690535258171,0,0.0,1.0,8,71.0,0.001550333894653762,16,3821.0,0.0,4,461.0,0.17263601022466393,0,0.0,1.0,0,0.0,1.0,9,69.0,0.2964043216494891,1,6.0,0.7418115612762937,0,0.0,1.0,0,0.0,1.0,63,6616.0
855.0,32.07692307692308,32.82843137254902,1,15.0,0.48791381193162914,3,70.0,0.0,9,1010.0,0.0,5,766.0,0.12442566386244772,13,470.0,0.11673031495970773,0,0.0,1.0,8,111.0,5.82665156792764e-06,16,3901.0,0.0,5,483.0,0.0001866830039615472,0,0.0,1.0,0,0.0,1.0,13,128.0,0.35282044091654524,2,12.0,0.571447579965566,0,0.0,1.0,0,0.0,1.0,75,6966.0
860.0,32.75879396984924,34.12135922330097,2,21.0,0.0006366253634591708,3,85.0,0.0,9,1055.0,0.0,8,800.0,0.035813369018287355,10,509.0,0.14711943904407077,0,0.0,0.907441052293384,8,151.0,0.0,16,3981.0,0.0,3,500.0,0.09408007901869041,0,0.0,1.0,0,0.0,0.8713103817396637,14,196.0,0.3555387111152271,2,22.0,0.5742877097392777,0,0.0,1.0,0,0.0,1.0,75,7320.0
865.0,34.10050251256281,35.40096618357488,2,31.0,0.3304850048709168,3,100.0,0.0,9,1100.0,0.0,12,851.0,0.00594621531286154,10,550.0,0.25561350220966617,0,0.0,0.9343496933921976,8,191.0,0.0,16,4061.0,0.0,3,485.0,0.12963038862781176,0,0.0,1.0,0,0.0,1.0,8,204.0,0.37711613528315424,2,32.0,0.5720599557297079,0,0.0,1.0,0,0.0,1.0,73,7605.0
870.0,35.0,36.71497584541063,2,41.0,0.035941457640725025,2,89.0,0.06377922842721856,9,1145.0,0.0,17,926.0,0.0855453324155163,12,607.0,0.19548569351487605,0,0.0,0.8400241977235277,8,231.0,0.0,16,4141.0,0.0,3,476.0,0.23122705601752425,0,0.0,1.0,0,0.0,1.0,3,189.0,0.47756378110403874,2,27.0,0.44595286461191347,0,0.0,1.0,0,0.0,1.0,74,7872.0
875.0,37.065989847715734,38.410628019323674,0,2.0,0.45280403702477334,3,68.0,1.3253182005787628e-05,9,1190.0,0.0,18,1013.0,0.0008156135068909025,13,668.0,0.20128963462671867,0,0.0,1.0,8,271.0,0.0,16,4221.0,0.0,3,491.0,0.0,0,0.0,1.0,0,0.0,1.0,1,132.0,0.49355312994945294,1,6.0,0.2859473414584715,0,0.0,1.0,0,0.0,1.0,72,8062.0
880.0,39.43814432989691,40.916666666666664,0,0.0,1.0,3,83.0,0.0,9,1235.0,0.0,20,1113.0,0.03343160093147311,15,740.0,0.10410710273536458,0,0.0,1.0,8,311.0,0.0,16,4301.0,0.0,3,506.0,0.005596830023812492,0,0.0,1.0,0,0.0,1.0,0,90.0,0.5538931347897007,2,16.0,0.5830810001585521,0,0.0,1.0,0,0.0,1.0,76,8395.0
885.0,41.34020618556701,41.53398058252427,0,0.0,1.0,3,98.0,0.005019082428884463,9,1280.0,0.0,20,1264.0,0.027313538352586614,14,679.0,0.14808158283793843,0,2.0,0.9908812317798201,8,351.0,0.0,16,4381.0,0.0,4,526.0,1.4856109914055906e-05,0,0.0,1.0,0,0.0,1.0,0,22.0,0.6507879871471569,3,30.0,0.44436436824325404,0,0.0,1.0,0,0.0,1.0,77,8633.0
890.0,36.95477386934673,40.80582524271845,0,0.0,0.8115874780997995,4,118.0,0.0,9,1325.0,0.0,23,1374.0,0.00018979335507786599,14,749.0,0.15431477448146677,0,2.0,0.9643172770160839,4,267.0,0.043529664586925226,14,4009.0,0.0115144413897377,4,94.0,0.1922720675838372,0,0.0,1.0,0,0.0,1.0,0,3.0,0.8359997570213383,3,43.0,0.4588088186732359,0,0.0,1.0,0,0.0,1.0,75,7984.0
895.0,33.30808080808081,36.94088669950739,0,0.0,0.7368725295471223,2,35.0,0.1546827459256416,9,1370.0,0.0,22,1547.0,0.0222991764299748,17,829.0,0.0897218765613877,0,0.0,1.0,0,179.0,0.30315497752198795,8,3256.0,0.10745634257754448,8,126.0,0.07699255346599249,0,0.0,1.0,0,0.0,1.0,0,3.0,0.8477815336291904,3,58.0,0.46708232009644,0,10.0,0.6042542853577596,0,0.0,1.0,69,7413.0
900.0,30.68717948717949,34.306930693069305,0,0.0,0.08515228610891974,3,48.0,0.05719251616700622,9,1415.0,0.0,18,1407.0,0.06538961915318275,18,916.0,0.0670187594655995,0,0.0,1.0,0,186.0,0.2758937848372233,2,1930.0,0.15816500311999895,12,178.0,0.053469100965338,0,0.0,0.8171310851694615,0,0.0,1.0,0,3.0,0.6964084816550167,0,23.0,0.8096639175672881,0,0.0,1.0,0,0.0,1.0,62,6106.0
905.0,29.878172588832488,33.31578947368421,1,4.0,0.00012354849672174608,3,63.0,0.0,9,1460.0,0.0,13,1182.0,0.07059843650891653,20,1012.0,0.08307624182492976,0,2.0,0.9576231683637842,0,183.0,0.32426695701219865,0,1500.0,0.4968864475368128,12,238.0,0.07430789469257865,0,0.0,1.0,0,0.0,1.0,2,7.0,0.4660924060422245,0,0.0,0.875047579985298,0,0.0,1.0,0,0.0,1.0,60,5651.0
910.0,29.59090909090909,33.81730769230769,1,9.0,0.0,3,78.0,0.0,9,1505.0,0.0,8,1044.0,0.1399600935003798,18,977.0,0.06243445757456165,0,2.0,0.9645649142586916,0,75.0,0.35253634189308813,0,909.0,0.4840159387655093,12,298.0,0.0,0,0.0,1.0,0,0.0,1.0,5,26.0,0.4359106046104833,0,0.0,0.901122209370361,0,0.0,1.0,0,0.0,1.0,56,4923.0
915.0,29.575757575757574,33.56730769230769,1,14.0,0.0,3,93.0,0.0,9,1550.0,0.0,3,854.0,0.30165225091111103,16,774.0,0.19124416811368075,0,0.0,0.8535667244333593,0,29.0,0.2965733926155233,0,440.0,0.523641839678591,8,319.0,0.07943207263429897,0,0.0,0.9146495141687819,0,0.0,1.0,5,51.0,0.5306392158454358,0,0.0,0.8723323062931669,0,0.0,1.0,0,0.0,1.0,45,4124.0
920.0,29.939393939393938,34.12380952380953,0,0.0,1.0,2,103.0,0.072612391031808,9,1595.0,0.0,0,635.0,0.33742405128716135,12,619.0,0.2207130953643264,0,0.0,0.8939918288106249,0,8.0,0.4964852623318229,0,313.0,0.32154607966504273,9,330.0,0.06193830109444759,0,0.0,1.0,0,0.0,1.0,6,80.0,0.5252610223165088,1,2.0,0.7775426264917439,0,0.0,1.0,0,0.0,1.0,39,3685.0
925.0,31.372448979591837,35.18867924528302,0,0.0,1.0,3,100.0,0.0,9,1640.0,0.0,2,706.0,0.2566376836495086,13,456.0,0.20797649852477426,0,0.0,1.0,0,2.0,0.8300044415421706,2,319.0,0.05661820393324981,10,364.0,0.0,0,0.0,1.0,0,0.0,1.0,7,115.0,0.4883647406867089,1,7.0,0.712578871246006,0,0.0,1.0,0,0.0,1.0,47,3709.0
930.0,33.64397905759162,36.586854460093896,0,0.0,1.0,3,115.0,0.0,9,1685.0,0.0,5,782.0,0.2003700304769142,15,452.0,0.15846709984480764,0,0.0,1.0,0,4.0,0.6056004433723443,6,343.0,0.0017712961907395148,10,414.0,0.0,0,0.0,1.0,0,0.0,0.9699128934007797,8,151.0,0.38623303959776234,1,1.0,0.6809617360263336,0,0.0,1.0,0,0.0,1.0,57,3947.0
935.0,33.91282051282051,37.16431924882629,0,0.0,0.8533561510757383,3,130.0,0.0,9,1730.0,0.0,9,840.0,0.12521042178338257,10,290.0,0.1102787885006929,0,46.0,0.9782086895935358,1,6.0,0.010590454888926487,7,378.0,1.4028648091841508e-05,10,464.0,0.0028166091817123044,0,0.0,1.0,0,0.0,1.0,10,196.0,0.33876151736943505,1,6.0,0.712080674516235,0,0.0,1.0,0,0.0,1.0,60,4086.0
940.0,34.65979381443299,38.201877934272304,0,0.0,1.0,3,145.0,0.0,9,1775.0,0.0,13,901.0,0.14169212015565782,6,199.0,0.18962467415701267,0,46.0,0.9265946555905805,3,20.0,6.765238532364403e-05,7,413.0,0.0,5,368.0,0.09248647963195071,0,0.0,1.0,0,0.0,1.0,11,250.0,0.3492142961843383,1,11.0,0.4168634921331671,0,0.0,1.0,0,0.0,1.0,58,4128.0
945.0,35.46733668341709,40.028169014084504,0,0.0,0.9926718399213905,3,160.0,0.0,9,1820.0,0.0,18,982.0,0.03250815853073307,8,185.0,0.11892049771457613,0,0.0,0.9947449526275416,3,35.0,0.0,7,448.0,0.0,5,245.0,0.0,0,0.0,0.8832992533024712,0,2.0,0.820095940784658,11,308.0,0.3698101718220451,4,24.0,0.16884418080661556,0,0.0,1.0,0,0.0,1.0,68,4209.0
950.0,36.33990147783251,41.074418604651164,0,0.0,0.8933469658620751,2,172.0,0.10676963347652337,9,1865.0,0.0,21,916.0,0.00044343671532169604,8,217.0,0.19254948044952455,0,0.0,0.9362545016557017,3,50.0,0.0,7,491.0,0.11502300453750984,5,270.0,0.0,0,0.0,1.0,0,0.0,1.0,12,364.0,0.3301342344280561,5,49.0,0.3576979562509041,0,0.0,1.0,0,0.0,1.0,72,4394.0
955.0,37.0,42.44186046511628,0,0.0,0.865902109140409,3,156.0,0.0009339371914488396,9,1910.0,0.0,15,921.0,0.04242489437947754,8,257.0,0.21558473391538868,0,0.0,1.0,3,65.0,0.0,7,526.0,0.0009675087555355152,6,296.0,0.010264937415841783,0,0.0,1.0,0,0.0,1.0,13,427.0,0.37598141270634955,0,22.0,0.5775367430409575,0,0.0,1.0,0,0.0,1.0,64,4580.0
960.0,38.532019704433495,44.06976744186046,0,0.0,0.021005579554181412,3,171.0,0.0,9,1955.0,0.0,11,815.0,0.06733274844844124,7,224.0,0.32310040936999546,0,0.0,0.9791779631134406,3,80.0,0.0,8,566.0,0.0,7,330.0,9.313323656848967e-06,0,0.0,1.0,0,0.0,1.0,13,492.0,0.34674368748325735,0,0.0,0.8494828957265362,0,0.0,1.0,0,0.0,1.0,61,4633.0
965.0,38.98039215686274,44.175115207373274,1,4.0,2.286559498258152e-05,3,186.0,0.0,9,2000.0,0.0,5,673.0,0.1391873283335004,7,255.0,0.4465844169265415,0,0.0,0.9560614783901421,3,95.0,0.0,8,606.0,0.0,3,211.0,0.06022268566149528,0,0.0,1.0,0,0.0,0.8431702773739909,14,561.0,0.39740038362234753,0,0.0,0.9438783675324235,0,0.0,1.0,0,0.0,1.0,53,4591.0
970.0,39.2,43.66968325791855,1,9.0,0.0,3,201.0,0.0,9,2045.0,0.0,0,484.0,0.2631120909364729,8,293.0,0.27962719199638114,0,0.0,0.9599507174717733,3,110.0,0.0,8,646.0,0.10357066834322586,4,90.0,0.02075149205024864,0,0.0,1.0,0,0.0,1.0,8,490.0,0.40154449296731043,0,0.0,0.9393947669363651,0,0.0,1.0,0,0.0,1.0,44,4368.0
975.0,40.40394088669951,44.95454545454545,0,13.0,0.0591524229714501,3,198.0,0.00011440671757625535,9,2090.0,0.0,0,410.0,0.2956204534805624,12,346.0,0.06901014426981006,0,0.0,1.0,3,125.0,0.0,9,688.0,0.0002075749852992224,5,115.0,0.0896527710987144,0,0.0,1.0,0,0.0,1.0,7,403.0,0.43522451568780257,0,0.0,0.9034689365366377,0,0.0,1.0,0,0.0,1.0,48,4388.0
980.0,43.0,46.9212962962963,0,0.0,0.8206899347460245,3,213.0,0.0,9,2135.0,0.0,3,418.0,0.28228813693596083,15,420.0,0.1030710708451385,0,0.0,1.0,3,140.0,0.0,9,733.0,0.0,6,143.0,0.127911273967693,0,0.0,1.0,0,0.0,1.0,3,179.0,0.5519407875993501,0,0.0,0.9311084394932573,0,0.0,1.0,0,0.0,1.0,51,4381.0
985.0,45.27979274611399,49.07981220657277,0,0.0,1.0,3,228.0,0.0,9,2180.0,0.0,7,448.0,0.18604763892326676,13,418.0,0.11347943955744597,0,26.0,0.8891928497915387,3,155.0,0.0,9,778.0,0.0,6,173.0,0.0,0,0.0,1.0,0,0.0,1.0,0,77.0,0.6705235918846986,1,2.0,0.6478428140910761,0,0.0,1.0,0,0.0,1.0,51,4485.0
990.0,46.41450777202073,49.948837209302326,0,0.0,1.0,3,243.0,0.0,9,2225.0,0.0,12,500.0,0.07422441170344266,9,354.0,0.16982135880488286,0,26.0,0.8321173166163348,3,196.0,0.10190771364494379,9,823.0,0.0,4,153.0,0.08894556957275028,0,0.0,1.0,0,0.0,1.0,1,45.0,0.6740504999787386,2,12.0,0.6296129213069221,0,0.0,1.0,0,0.0,1.0,52,4577.0
995.0,47.17857142857143,52.244131455399064,0,0.0,1.0,3,258.0,0.0,9,2270.0,0.0,17,574.0,0.0018338044465063784,10,327.0,0.16680483891258374,0,0.0,0.9486032114976858,7,223.0,0.0037665708073059637,9,868.0,0.0,5,134.0,0.09900972936657051,0,0.0,1.0,0,0.0,1.0,0,10.0,0.7611517364663323,1,2.0,0.7444904296286886,0,0.0,1.0,0,0.0,1.0,61,4666.0
1000.0,47.09183673469388,54.24285714285714,0,0.0,1.0,1,28.0,0.0,9,2315.0,0.0,18,664.0,1.867326668872761e-05,11,351.0,0.07983561222380833,0,0.0,0.7714717008857213,8,263.0,1.6568726009739273e-06,9,913.0,0.0,7,154.0,1.2000239720082627e-06,0,0.0,1.0,0,0.0,1.0,0,0.0,0.7906609318784478,1,7.0,0.5064985571903179,0,0.0,1.0,0,0.0,1.0,64,4695.0
